house_id,address,city,state,zipcode,construction_date
302,5104 Court Tpke,Roxborough Park,CO,79529,1999-01-01 00:00:00
5466,9241 Main I,Boulder,CO,72639,1999-07-01 00:00:00
4832,5392 Bay Pl,Parker,CO,98655,1999-09-01 00:00:00
3842,1417 Grove Way,Littleton,CO,78420,1999-02-01 00:00:00
9274,7798 Place Cir,Denver,CO,63265,1999-12-01 00:00:00
6610,7093 Chalet Fwy,Loveland,CO,55180,1999-05-01 00:00:00
3350,116 Spring Rd,Littleton,CO,49122,1999-08-01 00:00:00
6067,8213 Club Pl,Parker,CO,29563,1999-09-01 00:00:00
8997,7267 Trail Tpke,Denver,CO,43119,1999-06-01 00:00:00
7615,7044 Manor Pl,Denver,CO,29897,1999-02-01 00:00:00
9343,2751 Butte Ln,Longmont,CO,19951,1999-04-01 00:00:00
3431,7341 Cove Way,Lakewood,CO,78228,1999-07-01 00:00:00
6696,3379 Butte Fwy,Fort Collins,CO,47629,1999-04-01 00:00:00
5860,3342 Park Dr,Aurora,CO,82692,1999-02-01 00:00:00
9000,2366 Chalet Rt,Longmont,CO,12315,1999-10-01 00:00:00
7307,8234 Sunrise Expy,Denver,CO,70468,1999-10-01 00:00:00
9314,8374 Cedar St,Greeley,CO,64609,1999-03-01 00:00:00
2458,5844 Harbor Expy,Colorado Springs,CO,32704,1999-05-01 00:00:00
8091,3082 Drive Way,Parker,CO,25488,1999-08-01 00:00:00
6286,5868 Square Ln,Colorado Springs,CO,74664,1999-11-01 00:00:00
4688,6568 Drive I,Loveland,CO,61144,1999-04-01 00:00:00
6231,7177 Resort Rt,Roxborough Park,CO,59597,1999-05-01 00:00:00
9662,2838 Vineyard Cir,Loveland,CO,35627,1999-05-01 00:00:00
56,8084 Main Pl,Littleton,CO,85309,1999-12-01 00:00:00
5921,6527 Cove I,Castle Rock,CO,17073,1999-01-01 00:00:00
1712,4077 Cove Fwy,Greeley,CO,40801,1999-04-01 00:00:00
4705,2749 Orchard Fwy,Englewood,CO,96988,1999-08-01 00:00:00
12,3733 Elm Ln,Fort Collins,CO,65820,1999-10-01 00:00:00
1929,2080 Lagoon Fwy,Longmont,CO,98523,1999-07-01 00:00:00
4297,7700 Lodge Hwy,Castle Rock,CO,86942,1999-06-01 00:00:00
9763,7690 Hill Way,Denver,CO,47384,1999-05-01 00:00:00
2948,6406 Hotel Pl,Englewood,CO,53266,1999-09-01 00:00:00
5332,6125 Mansion Pkwy,Englewood,CO,96297,1999-08-01 00:00:00
892,9795 Ranch Rd,Loveland,CO,25636,1999-03-01 00:00:00
2550,4732 Chalet Way,Englewood,CO,72711,1999-06-01 00:00:00
5889,9902 Terrace Ln,Colorado Springs,CO,27708,1999-08-01 00:00:00
1062,6758 Brook Hwy,Castle Rock,CO,34810,1999-12-01 00:00:00
9479,4956 Vineyard Fwy,Roxborough Park,CO,39064,1999-02-01 00:00:00
9168,7518 Expressway Pkwy,Greeley,CO,99890,1999-03-01 00:00:00
6455,3952 Path Way,Colorado Springs,CO,91404,1999-06-01 00:00:00
1163,9962 Chalet Rd,Aurora,CO,39964,1999-05-01 00:00:00
861,174 Oak Hwy,Castle Rock,CO,19238,1999-01-01 00:00:00
986,8617 Oak Rt,Longmont,CO,69895,1999-04-01 00:00:00
6832,9761 Inn Ct,Longmont,CO,71957,1999-01-01 00:00:00
7710,4925 Court Blvd,Loveland,CO,87616,1999-02-01 00:00:00
9516,1997 Orchard Hwy,Boulder,CO,47785,1999-08-01 00:00:00
4973,511 Place Rd,Aurora,CO,98606,1999-08-01 00:00:00
7660,2852 Way Rd,Loveland,CO,95714,1999-08-01 00:00:00
5671,1968 Pond Pl,Boulder,CO,36991,1999-05-01 00:00:00
8798,6265 Cabin Hwy,Littleton,CO,33044,1999-01-01 00:00:00
3127,2124 Farm Dr,Longmont,CO,67784,1999-09-01 00:00:00
7933,3402 Orchard Blvd,Castle Rock,CO,12616,1999-03-01 00:00:00
5333,8951 Court Way,Loveland,CO,84511,1999-11-01 00:00:00
8539,6606 Mountain Rt,Fort Collins,CO,61032,1999-06-01 00:00:00
7991,8050 Circle Tpke,Aurora,CO,28919,1999-09-01 00:00:00
4040,4671 Pine Dr,Parker,CO,35357,1999-06-01 00:00:00
8909,4184 Motel Pl,Littleton,CO,57583,1999-02-01 00:00:00
7978,4459 Vineyard Hwy,Littleton,CO,82354,1999-05-01 00:00:00
4385,3253 River St,Loveland,CO,65601,1999-11-01 00:00:00
3992,4152 Ocean Hwy,Lakewood,CO,30540,1999-02-01 00:00:00
1799,1856 Spa Dr,Englewood,CO,19399,1999-06-01 00:00:00
567,3286 Parkway Rt,Castle Rock,CO,98097,1999-03-01 00:00:00
1463,6322 Spa Fwy,Aurora,CO,88176,1999-10-01 00:00:00
1525,8260 Sunrise Pl,Loveland,CO,43953,1999-04-01 00:00:00
7544,1023 Spa Cir,Boulder,CO,19547,1999-08-01 00:00:00
4279,2316 Mountain Rd,Longmont,CO,16414,1999-04-01 00:00:00
1981,4999 Hotel Expy,Roxborough Park,CO,72289,1999-10-01 00:00:00
3135,6902 Brook Expy,Lakewood,CO,52577,1999-11-01 00:00:00
4102,960 Place Expy,Fort Collins,CO,51792,1999-07-01 00:00:00
2648,5232 Hill Tpke,Denver,CO,34919,1999-12-01 00:00:00
8349,735 Desert Pkwy,Aurora,CO,41853,1999-01-01 00:00:00
6260,6270 Beach I,Longmont,CO,15894,1999-05-01 00:00:00
9754,739 Lake St,Aurora,CO,40206,1999-12-01 00:00:00
203,1333 Ridge Ave,Denver,CO,95839,1999-02-01 00:00:00
513,2112 Court St,Colorado Springs,CO,33423,1999-04-01 00:00:00
4350,4939 Lake Ave,Littleton,CO,32301,1999-09-01 00:00:00
243,3451 Stream Pkwy,Castle Rock,CO,15560,1999-08-01 00:00:00
4426,4214 Square Ln,Englewood,CO,91528,1999-11-01 00:00:00
1476,6839 Stream Cir,Lakewood,CO,86679,1999-03-01 00:00:00
1732,5772 Pond Pkwy,Boulder,CO,33149,1999-09-01 00:00:00
2346,117 Cliff Tpke,Greeley,CO,71174,2000-01-01 00:00:00
5100,596 Court Dr,Colorado Springs,CO,57489,2000-08-01 00:00:00
4663,6582 Tower Way,Boulder,CO,17998,2000-06-01 00:00:00
4734,1949 Forest Pkwy,Loveland,CO,33393,2000-03-01 00:00:00
8616,6477 Cottage Tpke,Longmont,CO,46969,2000-05-01 00:00:00
3561,4614 Harbor Expy,Loveland,CO,29700,2000-07-01 00:00:00
3947,8848 Castle Fwy,Loveland,CO,68305,2000-07-01 00:00:00
9186,6803 Bay Cir,Lakewood,CO,20114,2000-12-01 00:00:00
6820,8571 Castle Ln,Fort Collins,CO,55850,2000-07-01 00:00:00
8927,1216 Avenue Blvd,Parker,CO,91516,2000-07-01 00:00:00
9880,2305 Club Rt,Englewood,CO,62208,2000-11-01 00:00:00
3256,6516 Lake Pkwy,Englewood,CO,83142,2000-02-01 00:00:00
2910,3690 Interstate Cir,Loveland,CO,86467,2000-07-01 00:00:00
3877,6723 Cliff Tpke,Fort Collins,CO,41182,2000-02-01 00:00:00
788,3231 Maple Tpke,Castle Rock,CO,11748,2000-03-01 00:00:00
4562,858 Drive Blvd,Longmont,CO,10233,2000-06-01 00:00:00
9872,1995 Lane Hwy,Denver,CO,97398,2000-07-01 00:00:00
7697,9205 Brook Rt,Castle Rock,CO,97625,2000-04-01 00:00:00
7805,6851 Falls Pkwy,Roxborough Park,CO,25019,2000-09-01 00:00:00
1717,9608 Lane Cir,Fort Collins,CO,75197,2000-10-01 00:00:00
1797,8568 River Ct,Denver,CO,47410,2000-10-01 00:00:00
8604,4202 Meadow Rt,Roxborough Park,CO,76800,2000-06-01 00:00:00
2588,2715 Lane I,Littleton,CO,15893,2000-02-01 00:00:00
7282,128 Tower Blvd,Greeley,CO,54272,2000-08-01 00:00:00
8721,4938 Castle Hwy,Greeley,CO,15159,2000-10-01 00:00:00
9788,2408 Lodge Dr,Denver,CO,38301,2000-08-01 00:00:00
2210,8741 Bungalow Ave,Littleton,CO,76421,2000-12-01 00:00:00
8417,7051 Elm I,Fort Collins,CO,61072,2000-05-01 00:00:00
38,9227 Forest Tpke,Aurora,CO,55295,2000-01-01 00:00:00
5033,2800 Main Cir,Roxborough Park,CO,81861,2000-07-01 00:00:00
5043,610 Square Ct,Greeley,CO,56385,2000-07-01 00:00:00
3817,4409 Elm Expy,Greeley,CO,39090,2000-11-01 00:00:00
7289,1873 Spring Ln,Boulder,CO,20910,2000-11-01 00:00:00
485,9938 Forest Pl,Aurora,CO,98774,2000-01-01 00:00:00
2841,9346 Meadow Cir,Roxborough Park,CO,24460,2000-10-01 00:00:00
228,3785 Circle Ct,Parker,CO,95828,2000-04-01 00:00:00
6076,4660 Stream Tpke,Lakewood,CO,20431,2000-01-01 00:00:00
3843,1028 Street Fwy,Englewood,CO,26189,2000-06-01 00:00:00
6890,9119 Island Rt,Lakewood,CO,63948,2000-12-01 00:00:00
3712,4412 Stream Expy,Loveland,CO,95921,2000-12-01 00:00:00
2847,4551 River Way,Loveland,CO,11251,2000-02-01 00:00:00
4409,725 Butte Pkwy,Aurora,CO,70236,2000-05-01 00:00:00
1503,6638 Sunrise St,Roxborough Park,CO,66858,2000-12-01 00:00:00
3046,4838 Beach Ln,Boulder,CO,56640,2000-10-01 00:00:00
6692,7523 Garden I,Greeley,CO,98421,2000-11-01 00:00:00
8129,4106 Elm Ln,Boulder,CO,37459,2000-01-01 00:00:00
9627,4159 Plateau Ln,Longmont,CO,45345,2000-04-01 00:00:00
9502,2191 Way Ave,Loveland,CO,66171,2000-12-01 00:00:00
5376,1118 Spring Dr,Castle Rock,CO,43060,2000-06-01 00:00:00
4272,7522 Beach Rd,Loveland,CO,70254,2000-11-01 00:00:00
8506,9804 Spring Ct,Longmont,CO,50710,2000-04-01 00:00:00
1483,8645 Beach Ct,Aurora,CO,90544,2000-09-01 00:00:00
6812,3855 Hotel St,Littleton,CO,42024,2000-03-01 00:00:00
264,9029 Bungalow Blvd,Aurora,CO,70252,2000-10-01 00:00:00
7505,8912 Hotel Ln,Longmont,CO,89241,2000-08-01 00:00:00
8690,3600 Path I,Aurora,CO,18634,2000-10-01 00:00:00
3195,9504 Tower Tpke,Castle Rock,CO,96259,2000-04-01 00:00:00
3250,2145 River Expy,Aurora,CO,57882,2000-11-01 00:00:00
3650,4099 Pine Fwy,Fort Collins,CO,26766,2000-01-01 00:00:00
5375,9126 Lodge Pkwy,Denver,CO,80758,2000-03-01 00:00:00
5239,9276 Turnpike St,Roxborough Park,CO,50587,2000-10-01 00:00:00
9356,677 Parkway Ave,Aurora,CO,48954,2000-08-01 00:00:00
8969,9838 Circle Rt,Lakewood,CO,34942,2000-09-01 00:00:00
9721,742 Orchard Pkwy,Fort Collins,CO,39447,2000-03-01 00:00:00
7546,2506 Way Fwy,Littleton,CO,28508,2000-02-01 00:00:00
7443,971 Castle Blvd,Loveland,CO,25792,2000-11-01 00:00:00
7472,7333 Route Cir,Castle Rock,CO,34379,2000-09-01 00:00:00
7534,6627 Farm Ln,Castle Rock,CO,90863,2000-06-01 00:00:00
2377,2573 Mountain I,Littleton,CO,58406,2000-11-01 00:00:00
1649,3683 Road Blvd,Castle Rock,CO,68990,2000-07-01 00:00:00
1346,9568 Sunset Rt,Aurora,CO,70329,2000-08-01 00:00:00
3941,5799 Mansion I,Castle Rock,CO,61501,2000-09-01 00:00:00
7347,8497 Spring St,Aurora,CO,63925,2000-09-01 00:00:00
9292,3028 Spring Blvd,Fort Collins,CO,78018,2000-10-01 00:00:00
4479,2664 Meadow Fwy,Parker,CO,19207,2000-08-01 00:00:00
2938,7141 Stream Expy,Loveland,CO,19392,2000-05-01 00:00:00
8267,2151 Cottage Expy,Castle Rock,CO,76813,2000-01-01 00:00:00
9548,2540 Interstate Dr,Fort Collins,CO,94458,2000-02-01 00:00:00
6395,2031 Butte Hwy,Denver,CO,37016,2000-08-01 00:00:00
2520,9406 Hill Pkwy,Greeley,CO,13444,2000-02-01 00:00:00
7756,8048 Mountain Hwy,Loveland,CO,89252,2000-05-01 00:00:00
5429,3959 Pond Expy,Englewood,CO,73037,2000-05-01 00:00:00
4022,1618 Meadow Hwy,Denver,CO,59783,2000-10-01 00:00:00
7824,8065 Hill Rt,Littleton,CO,45861,2000-09-01 00:00:00
33,8311 Stream St,Roxborough Park,CO,12547,2000-06-01 00:00:00
4589,4857 Castle Rt,Loveland,CO,80060,2000-11-01 00:00:00
6549,795 Circle Dr,Parker,CO,87933,2000-12-01 00:00:00
4754,89 Stream Ct,Roxborough Park,CO,82769,2000-08-01 00:00:00
8008,3724 Hotel Expy,Castle Rock,CO,73020,2000-04-01 00:00:00
8918,9714 Way Ct,Roxborough Park,CO,93230,2000-07-01 00:00:00
2628,7505 Street Fwy,Denver,CO,28435,2000-04-01 00:00:00
3802,1383 Maple Expy,Boulder,CO,76081,2000-11-01 00:00:00
3621,2630 Expressway Expy,Littleton,CO,94177,2000-11-01 00:00:00
5823,170 Terrace Pkwy,Fort Collins,CO,82587,2000-10-01 00:00:00
8236,8158 Spring Cir,Englewood,CO,74360,2000-06-01 00:00:00
2464,7795 Maple Ave,Fort Collins,CO,62366,2000-10-01 00:00:00
9877,2227 Lake Hwy,Parker,CO,12524,2000-08-01 00:00:00
1128,5767 Lane Ct,Greeley,CO,95634,2000-08-01 00:00:00
6975,1755 Road St,Parker,CO,18677,2000-02-01 00:00:00
4347,3601 Inn Dr,Parker,CO,84210,2000-07-01 00:00:00
2348,3921 Pine St,Loveland,CO,57811,2000-04-01 00:00:00
6727,3858 Bungalow Rt,Colorado Springs,CO,26475,2000-06-01 00:00:00
383,6656 Cove Dr,Loveland,CO,68492,2000-02-01 00:00:00
1220,6240 Expressway Fwy,Littleton,CO,61972,2000-10-01 00:00:00
8169,5929 Inn Dr,Colorado Springs,CO,88221,2000-06-01 00:00:00
8258,2552 Cabin Expy,Denver,CO,65753,2000-10-01 00:00:00
1428,9075 Oak Tpke,Littleton,CO,12787,2000-06-01 00:00:00
5874,5555 Turnpike Ave,Longmont,CO,78334,2000-12-01 00:00:00
7330,6071 Ranch Ave,Longmont,CO,17486,2000-02-01 00:00:00
1753,7968 Stream Expy,Fort Collins,CO,30800,2000-02-01 00:00:00
5336,963 Desert Fwy,Longmont,CO,55140,2000-10-01 00:00:00
2132,9693 Plateau Pl,Littleton,CO,42038,2000-08-01 00:00:00
8282,621 Castle Expy,Aurora,CO,84344,2000-11-01 00:00:00
8587,8989 Desert Blvd,Castle Rock,CO,79483,2000-03-01 00:00:00
3088,1239 Harbor Ave,Aurora,CO,37237,2000-06-01 00:00:00
2853,2824 Spring Cir,Fort Collins,CO,45282,2000-01-01 00:00:00
3748,7759 Resort Pkwy,Boulder,CO,69185,2000-06-01 00:00:00
9218,5335 Island Cir,Roxborough Park,CO,36921,2000-12-01 00:00:00
6941,1763 Court Tpke,Roxborough Park,CO,47093,2000-09-01 00:00:00
331,1212 Beach Dr,Greeley,CO,33786,2000-05-01 00:00:00
456,6181 Inn Hwy,Castle Rock,CO,24063,2000-12-01 00:00:00
857,1058 Mesa I,Longmont,CO,94755,2000-10-01 00:00:00
7145,8950 Place St,Aurora,CO,21503,2000-05-01 00:00:00
5902,3399 Circle Dr,Englewood,CO,46355,2000-02-01 00:00:00
4533,7202 Ocean Rt,Denver,CO,15741,2000-06-01 00:00:00
3630,7790 Lane Rt,Denver,CO,59884,2000-05-01 00:00:00
5090,3496 Lake St,Colorado Springs,CO,77185,2000-05-01 00:00:00
4177,6130 Avenue Rd,Fort Collins,CO,49095,2000-02-01 00:00:00
781,7408 Bungalow I,Aurora,CO,41882,2000-04-01 00:00:00
5394,9514 Tower Pkwy,Aurora,CO,75841,2000-06-01 00:00:00
2196,8172 Trail Ct,Greeley,CO,77749,2000-05-01 00:00:00
553,9721 Club Blvd,Loveland,CO,89596,2001-10-01 00:00:00
1123,5601 Sunrise Fwy,Parker,CO,30794,2001-05-01 00:00:00
4274,7934 Manor Ln,Fort Collins,CO,50143,2001-01-01 00:00:00
1672,9475 Main Rt,Lakewood,CO,60792,2001-03-01 00:00:00
4766,3869 Harbor Dr,Boulder,CO,14174,2001-07-01 00:00:00
3858,2156 Hill Hwy,Longmont,CO,82153,2001-09-01 00:00:00
2815,9997 Falls Way,Englewood,CO,64414,2001-08-01 00:00:00
7180,3363 Butte Rd,Lakewood,CO,29274,2001-05-01 00:00:00
7226,3189 Beach Fwy,Loveland,CO,35751,2001-07-01 00:00:00
4775,6733 Motel Ave,Loveland,CO,50157,2001-03-01 00:00:00
5716,1617 Bungalow Dr,Fort Collins,CO,67557,2001-04-01 00:00:00
9441,3530 Palace Pl,Fort Collins,CO,62324,2001-05-01 00:00:00
6055,5393 Palace Expy,Aurora,CO,10810,2001-11-01 00:00:00
794,7724 Path Cir,Denver,CO,30560,2001-02-01 00:00:00
3311,4849 Park Hwy,Aurora,CO,83661,2001-02-01 00:00:00
5285,1057 Pine Ln,Aurora,CO,42783,2001-01-01 00:00:00
5645,7710 Trail Rd,Roxborough Park,CO,29169,2001-04-01 00:00:00
3267,7190 Bay Tpke,Fort Collins,CO,40042,2001-02-01 00:00:00
7772,7936 Vineyard Rd,Parker,CO,64138,2001-03-01 00:00:00
8605,8978 Place Pl,Littleton,CO,22009,2001-09-01 00:00:00
4025,316 Cottage Way,Castle Rock,CO,40612,2001-03-01 00:00:00
6390,5535 Club Ct,Castle Rock,CO,57754,2001-04-01 00:00:00
332,6334 Circle St,Castle Rock,CO,11785,2001-12-01 00:00:00
658,8876 Orchard Blvd,Castle Rock,CO,11279,2001-08-01 00:00:00
297,7825 Mountain Ave,Aurora,CO,55365,2001-01-01 00:00:00
4759,7088 Main Cir,Denver,CO,60999,2001-11-01 00:00:00
7529,8056 Cabin Pkwy,Aurora,CO,83140,2001-11-01 00:00:00
9055,3327 Lodge Rt,Littleton,CO,15282,2001-04-01 00:00:00
9730,5745 Drive Hwy,Colorado Springs,CO,43296,2001-08-01 00:00:00
6274,4830 Spring Expy,Roxborough Park,CO,68443,2001-04-01 00:00:00
3826,2258 Falls Pl,Longmont,CO,89667,2001-07-01 00:00:00
5739,5416 Island Fwy,Greeley,CO,89382,2001-05-01 00:00:00
7706,5597 Road Ct,Lakewood,CO,54462,2001-04-01 00:00:00
8270,9323 Path Pkwy,Parker,CO,42128,2001-11-01 00:00:00
1857,822 Bluff Cir,Fort Collins,CO,20639,2001-11-01 00:00:00
6679,3105 Lake Ave,Boulder,CO,41145,2001-09-01 00:00:00
9335,8969 Pine Expy,Denver,CO,21271,2001-06-01 00:00:00
6580,6708 Pine Ln,Loveland,CO,53818,2001-09-01 00:00:00
3002,9760 Path Rt,Lakewood,CO,71820,2001-11-01 00:00:00
3312,2539 Spring Dr,Castle Rock,CO,57114,2001-10-01 00:00:00
6736,9774 Orchard Rt,Parker,CO,70519,2001-02-01 00:00:00
2513,4853 Castle Rd,Castle Rock,CO,67674,2001-12-01 00:00:00
9146,828 Maple I,Denver,CO,65861,2001-07-01 00:00:00
3677,3417 Ocean Ct,Denver,CO,87108,2001-05-01 00:00:00
3566,3551 Way Dr,Castle Rock,CO,16827,2001-10-01 00:00:00
7168,6555 Main Pl,Littleton,CO,94256,2001-03-01 00:00:00
8939,3608 Cottage Pl,Lakewood,CO,47280,2001-12-01 00:00:00
9953,8525 Boulevard Expy,Littleton,CO,75358,2001-01-01 00:00:00
4136,9270 Forest Fwy,Roxborough Park,CO,70322,2001-06-01 00:00:00
1221,8539 Desert Rd,Littleton,CO,36466,2001-11-01 00:00:00
7423,3509 Square Hwy,Greeley,CO,17647,2001-10-01 00:00:00
4944,2639 Elm St,Loveland,CO,62560,2001-02-01 00:00:00
2073,2620 Interstate Rd,Boulder,CO,41807,2001-03-01 00:00:00
9500,7764 Way Rt,Roxborough Park,CO,72336,2001-01-01 00:00:00
2600,9384 Valley Way,Castle Rock,CO,20328,2001-05-01 00:00:00
5210,7125 Parkway Ct,Lakewood,CO,54380,2001-10-01 00:00:00
321,3396 Manor Pl,Parker,CO,83870,2001-05-01 00:00:00
2785,5192 Butte Tpke,Littleton,CO,98268,2001-11-01 00:00:00
8396,4729 Grove Fwy,Aurora,CO,40720,2001-06-01 00:00:00
2179,4982 Ridge Expy,Boulder,CO,63615,2001-11-01 00:00:00
887,5882 Elm Fwy,Parker,CO,13120,2001-03-01 00:00:00
8490,5366 Street Way,Parker,CO,80736,2001-05-01 00:00:00
4788,8622 Chalet Rt,Englewood,CO,92616,2001-02-01 00:00:00
8149,388 Garden Cir,Boulder,CO,40917,2001-10-01 00:00:00
6418,5950 Ranch I,Castle Rock,CO,73635,2001-01-01 00:00:00
5187,1507 Main Dr,Colorado Springs,CO,39637,2001-07-01 00:00:00
3348,4355 Circle Rd,Roxborough Park,CO,95752,2001-05-01 00:00:00
9907,3463 Cedar Blvd,Parker,CO,78575,2001-03-01 00:00:00
9199,9898 Plateau Hwy,Castle Rock,CO,96740,2001-07-01 00:00:00
859,3662 Court Dr,Denver,CO,72755,2001-09-01 00:00:00
9575,8607 Lodge Pl,Greeley,CO,28409,2001-10-01 00:00:00
2054,1541 Orchard Blvd,Greeley,CO,68899,2001-10-01 00:00:00
1657,8837 Chalet Rd,Colorado Springs,CO,61480,2001-07-01 00:00:00
5388,2757 Pine Ct,Greeley,CO,62593,2001-07-01 00:00:00
1325,5209 Ocean Ct,Aurora,CO,63853,2001-07-01 00:00:00
255,1301 Plateau Fwy,Roxborough Park,CO,53857,2001-03-01 00:00:00
1178,6969 Chalet Way,Lakewood,CO,20717,2001-11-01 00:00:00
3689,4535 Resort Ct,Boulder,CO,77356,2001-06-01 00:00:00
962,8460 Cove St,Castle Rock,CO,57163,2001-04-01 00:00:00
3521,9695 Pond Blvd,Denver,CO,20040,2001-03-01 00:00:00
3343,7274 Lane St,Littleton,CO,87675,2001-09-01 00:00:00
2653,9967 Route Fwy,Loveland,CO,78802,2001-02-01 00:00:00
1028,8043 Bungalow Ct,Parker,CO,71830,2001-06-01 00:00:00
8047,9286 Ridge Way,Lakewood,CO,17126,2001-05-01 00:00:00
8285,8792 Cliff Hwy,Aurora,CO,80704,2001-07-01 00:00:00
6589,73 Cliff Way,Boulder,CO,76603,2001-12-01 00:00:00
9077,4756 Ocean Blvd,Greeley,CO,28873,2001-11-01 00:00:00
1081,5347 Boulevard Blvd,Roxborough Park,CO,56155,2001-07-01 00:00:00
1422,5511 Creek Way,Roxborough Park,CO,26129,2001-02-01 00:00:00
2578,8671 Place Hwy,Loveland,CO,67741,2001-05-01 00:00:00
5685,8022 Maple Pl,Longmont,CO,71006,2001-05-01 00:00:00
5762,7243 Mansion Tpke,Loveland,CO,61108,2001-02-01 00:00:00
1855,3088 Way Dr,Parker,CO,62229,2001-12-01 00:00:00
2579,1475 Sea Tpke,Littleton,CO,53408,2001-05-01 00:00:00
9656,6174 Cove Hwy,Englewood,CO,62348,2001-02-01 00:00:00
8949,2934 Ocean Dr,Castle Rock,CO,64159,2001-06-01 00:00:00
1548,3236 Brook St,Loveland,CO,12044,2001-09-01 00:00:00
4806,5195 Inn Pl,Lakewood,CO,68262,2001-09-01 00:00:00
953,6739 Square Way,Roxborough Park,CO,41326,2001-12-01 00:00:00
9139,731 Chalet Pkwy,Englewood,CO,18304,2001-09-01 00:00:00
1642,9296 Street I,Englewood,CO,66755,2001-09-01 00:00:00
5701,1568 Highway Expy,Lakewood,CO,88377,2001-07-01 00:00:00
3598,7399 Maple Ct,Aurora,CO,25997,2001-05-01 00:00:00
6923,8748 Place Way,Aurora,CO,47412,2001-12-01 00:00:00
385,9421 Mesa Ln,Englewood,CO,34993,2001-09-01 00:00:00
7880,2434 Sunrise Tpke,Greeley,CO,58107,2001-03-01 00:00:00
8771,8223 Main Ave,Englewood,CO,62995,2001-03-01 00:00:00
1623,3125 Freeway Way,Fort Collins,CO,47289,2001-10-01 00:00:00
5659,6295 Harbor Fwy,Longmont,CO,23668,2001-10-01 00:00:00
6988,5738 Butte Dr,Lakewood,CO,83393,2001-03-01 00:00:00
1051,4339 Pond Dr,Colorado Springs,CO,11434,2001-02-01 00:00:00
6334,5808 Bay Ln,Greeley,CO,25274,2001-05-01 00:00:00
3644,1344 Castle Ln,Englewood,CO,93817,2001-06-01 00:00:00
9593,4757 Grove Tpke,Parker,CO,32422,2001-05-01 00:00:00
8608,6160 Cedar Cir,Littleton,CO,44295,2001-01-01 00:00:00
6307,7232 Valley Blvd,Greeley,CO,81124,2001-03-01 00:00:00
8095,8930 Main Way,Aurora,CO,96965,2001-09-01 00:00:00
4987,7050 Hill Ave,Fort Collins,CO,71246,2001-07-01 00:00:00
1423,9310 Way Rt,Fort Collins,CO,25449,2001-08-01 00:00:00
3691,9049 Boulevard Rt,Denver,CO,57076,2001-07-01 00:00:00
6495,8357 Island Rd,Greeley,CO,82311,2001-05-01 00:00:00
8702,7283 Meadow Cir,Littleton,CO,37063,2001-11-01 00:00:00
9823,4756 Plateau Expy,Castle Rock,CO,30540,2001-04-01 00:00:00
8562,9877 Ridge Hwy,Aurora,CO,68239,2001-08-01 00:00:00
5001,9528 Lane Blvd,Denver,CO,70771,2001-12-01 00:00:00
4964,241 Spring Ct,Fort Collins,CO,44334,2001-06-01 00:00:00
5938,1844 Vineyard Tpke,Loveland,CO,24201,2001-01-01 00:00:00
7943,8642 Freeway I,Littleton,CO,43907,2001-05-01 00:00:00
1845,9746 Garden Dr,Littleton,CO,15526,2001-07-01 00:00:00
7302,2365 Mountain I,Castle Rock,CO,52633,2001-05-01 00:00:00
2569,4397 Lake Fwy,Loveland,CO,57501,2001-05-01 00:00:00
7692,9204 Valley Ct,Boulder,CO,38161,2001-01-01 00:00:00
2249,1963 Square I,Denver,CO,41124,2001-04-01 00:00:00
5967,942 Square I,Lakewood,CO,11878,2001-07-01 00:00:00
5891,801 Maple Pkwy,Roxborough Park,CO,43325,2001-04-01 00:00:00
5702,1940 Lodge I,Boulder,CO,35371,2001-08-01 00:00:00
5444,6510 Farm Ct,Englewood,CO,27665,2001-01-01 00:00:00
6588,9512 Harbor Fwy,Denver,CO,68379,2001-09-01 00:00:00
2358,8741 Island Fwy,Lakewood,CO,30203,2001-07-01 00:00:00
3754,993 Plateau Dr,Roxborough Park,CO,49934,2001-10-01 00:00:00
9550,3153 Highway Blvd,Littleton,CO,13331,2001-07-01 00:00:00
3149,892 Square I,Colorado Springs,CO,46395,2001-10-01 00:00:00
4956,9839 Expressway Ct,Parker,CO,83807,2001-03-01 00:00:00
4184,3289 Falls Hwy,Fort Collins,CO,98930,2001-03-01 00:00:00
7518,5882 Cove Rt,Roxborough Park,CO,93122,2001-11-01 00:00:00
8278,60 Road Blvd,Roxborough Park,CO,95974,2001-07-01 00:00:00
5012,4599 Trail Way,Castle Rock,CO,49942,2001-07-01 00:00:00
2190,3614 Hill Pl,Parker,CO,83259,2001-09-01 00:00:00
6130,9669 Terrace Pl,Roxborough Park,CO,53103,2001-03-01 00:00:00
8683,9133 Chalet Way,Littleton,CO,33250,2001-01-01 00:00:00
7578,2282 Desert Pkwy,Englewood,CO,21349,2001-11-01 00:00:00
2019,9664 Valley Ct,Longmont,CO,93861,2001-10-01 00:00:00
2816,6281 Oak Dr,Littleton,CO,34117,2001-07-01 00:00:00
5006,6261 Bluff Hwy,Aurora,CO,92519,2001-03-01 00:00:00
3841,5456 Route I,Denver,CO,78439,2001-10-01 00:00:00
5705,3599 Ridge Expy,Colorado Springs,CO,46555,2001-01-01 00:00:00
1177,3267 Circle Way,Boulder,CO,62370,2001-01-01 00:00:00
2772,6713 Main Pkwy,Castle Rock,CO,72481,2001-05-01 00:00:00
6518,464 Street Rd,Aurora,CO,77582,2001-12-01 00:00:00
6887,8859 Main I,Parker,CO,86411,2001-02-01 00:00:00
6666,3994 Motel Ct,Roxborough Park,CO,41635,2001-06-01 00:00:00
319,9535 Pond Blvd,Littleton,CO,66900,2001-05-01 00:00:00
3164,946 Manor Rt,Castle Rock,CO,76663,2001-02-01 00:00:00
6376,5657 Freeway Rt,Loveland,CO,39588,2001-06-01 00:00:00
4532,6751 Parkway Ln,Loveland,CO,83562,2001-02-01 00:00:00
8513,9805 Beach Way,Greeley,CO,62755,2001-01-01 00:00:00
761,1236 Grove Pl,Aurora,CO,69147,2001-02-01 00:00:00
7884,1400 River Ct,Lakewood,CO,51372,2001-07-01 00:00:00
5583,343 River Ave,Littleton,CO,40739,2001-10-01 00:00:00
1092,290 Bay Way,Littleton,CO,48135,2001-10-01 00:00:00
7522,7730 Cedar Ln,Denver,CO,37888,2001-08-01 00:00:00
4658,3105 Motel Ave,Aurora,CO,94719,2001-09-01 00:00:00
6210,1116 Oak Ct,Lakewood,CO,17981,2001-11-01 00:00:00
8226,3279 Path Dr,Roxborough Park,CO,24048,2001-08-01 00:00:00
9383,1826 Harbor I,Boulder,CO,55628,2001-08-01 00:00:00
2638,644 Ocean Expy,Parker,CO,40032,2001-09-01 00:00:00
1635,1653 Harbor Dr,Aurora,CO,24999,2001-06-01 00:00:00
9131,2067 Maple Expy,Fort Collins,CO,85441,2001-04-01 00:00:00
3611,766 Avenue St,Boulder,CO,43132,2001-02-01 00:00:00
5103,1770 Vineyard Blvd,Parker,CO,23434,2001-11-01 00:00:00
5244,3071 Orchard Way,Castle Rock,CO,85745,2001-07-01 00:00:00
7972,8557 Mesa Expy,Lakewood,CO,58713,2001-12-01 00:00:00
9810,4796 Stream Rd,Denver,CO,66459,2001-03-01 00:00:00
9589,9589 Park Dr,Loveland,CO,39269,2001-02-01 00:00:00
7794,7250 Circle Rd,Lakewood,CO,65391,2001-08-01 00:00:00
8195,1253 Bluff Ct,Aurora,CO,84614,2001-07-01 00:00:00
3219,2475 Harbor Hwy,Lakewood,CO,75031,2001-11-01 00:00:00
3791,2682 Terrace Cir,Colorado Springs,CO,94250,2001-05-01 00:00:00
9787,3131 Hotel Tpke,Castle Rock,CO,60829,2001-04-01 00:00:00
6278,5618 Parkway Blvd,Greeley,CO,82969,2001-11-01 00:00:00
4610,3463 Spring Ave,Parker,CO,14031,2001-12-01 00:00:00
4774,8677 Street I,Littleton,CO,67982,2001-08-01 00:00:00
5057,8246 Lagoon Dr,Denver,CO,58547,2001-09-01 00:00:00
6349,9359 Cabin Expy,Englewood,CO,10356,2001-09-01 00:00:00
5278,1656 Main Rd,Boulder,CO,41312,2001-03-01 00:00:00
9216,1070 Ranch Ave,Aurora,CO,13733,2001-06-01 00:00:00
6293,4749 Spa Ave,Colorado Springs,CO,53019,2001-05-01 00:00:00
3923,8324 Circle Ct,Castle Rock,CO,24278,2001-12-01 00:00:00
2996,7367 Sunrise Ct,Parker,CO,79915,2001-05-01 00:00:00
7722,4169 Mansion Pkwy,Greeley,CO,49417,2001-08-01 00:00:00
8592,4702 Route Tpke,Parker,CO,20779,2001-03-01 00:00:00
3098,8291 Inn Rt,Longmont,CO,33011,2001-01-01 00:00:00
751,1075 Beach Ave,Lakewood,CO,67101,2001-09-01 00:00:00
7143,2917 Palace Hwy,Parker,CO,92725,2001-01-01 00:00:00
211,9115 Vineyard Ln,Castle Rock,CO,95630,2001-08-01 00:00:00
2934,7264 Tower Tpke,Longmont,CO,58904,2001-11-01 00:00:00
6310,9981 Mesa Expy,Castle Rock,CO,11833,2001-07-01 00:00:00
79,8804 Forest Ave,Colorado Springs,CO,86467,2001-11-01 00:00:00
682,8104 Route Ct,Boulder,CO,42046,2001-04-01 00:00:00
3147,6557 Sunset Way,Colorado Springs,CO,45267,2001-02-01 00:00:00
6117,923 Meadow Tpke,Aurora,CO,13491,2001-06-01 00:00:00
4728,8728 Cabin Cir,Littleton,CO,69169,2001-04-01 00:00:00
9722,7492 Sunset Tpke,Englewood,CO,38966,2001-02-01 00:00:00
6823,8055 Hotel Fwy,Littleton,CO,55701,2002-08-01 00:00:00
9770,9871 Falls Hwy,Littleton,CO,29356,2002-09-01 00:00:00
8743,15 Highway Expy,Colorado Springs,CO,25006,2002-02-01 00:00:00
3985,8446 Island St,Fort Collins,CO,82773,2002-08-01 00:00:00
9037,7784 Street Way,Loveland,CO,23028,2002-03-01 00:00:00
4289,5842 Valley Way,Lakewood,CO,60604,2002-03-01 00:00:00
6966,8389 Lodge Hwy,Fort Collins,CO,61877,2002-06-01 00:00:00
9148,4047 Valley Way,Longmont,CO,97119,2002-12-01 00:00:00
6002,293 Orchard Ct,Castle Rock,CO,74891,2002-10-01 00:00:00
3932,740 Avenue Way,Parker,CO,14084,2002-11-01 00:00:00
2903,5543 Palace Rt,Aurora,CO,95079,2002-04-01 00:00:00
2356,2780 Bluff Way,Longmont,CO,14124,2002-04-01 00:00:00
7976,1870 Castle Tpke,Englewood,CO,44492,2002-10-01 00:00:00
427,2841 Desert Rt,Littleton,CO,21306,2002-10-01 00:00:00
8502,7181 Trail Dr,Lakewood,CO,60720,2002-01-01 00:00:00
5010,1588 Cliff Pkwy,Boulder,CO,33449,2002-09-01 00:00:00
3434,2317 Manor Hwy,Longmont,CO,21527,2002-12-01 00:00:00
4118,4020 Freeway Fwy,Longmont,CO,99358,2002-08-01 00:00:00
1488,4215 Trail Fwy,Denver,CO,18881,2002-10-01 00:00:00
8656,6727 Cottage Way,Colorado Springs,CO,80375,2002-06-01 00:00:00
3369,602 Ocean Ave,Longmont,CO,65315,2002-01-01 00:00:00
5032,9373 Cabin Dr,Roxborough Park,CO,42640,2002-10-01 00:00:00
8139,6483 Hill Dr,Englewood,CO,75814,2002-08-01 00:00:00
6864,2628 Freeway Tpke,Longmont,CO,44470,2002-03-01 00:00:00
9084,7785 Ocean Rt,Littleton,CO,72358,2002-10-01 00:00:00
6404,8619 Meadow Way,Greeley,CO,97322,2002-04-01 00:00:00
5722,8423 Boulevard Ave,Greeley,CO,68686,2002-11-01 00:00:00
5327,4237 Manor I,Greeley,CO,34740,2002-10-01 00:00:00
1808,5239 Parkway Way,Boulder,CO,88635,2002-09-01 00:00:00
998,3731 Avenue Ln,Parker,CO,52922,2002-01-01 00:00:00
2616,6093 Interstate Way,Englewood,CO,83862,2002-12-01 00:00:00
3384,2700 Vineyard Expy,Roxborough Park,CO,62240,2002-07-01 00:00:00
6510,1217 Chalet Way,Greeley,CO,41678,2002-04-01 00:00:00
1112,2072 Vineyard St,Boulder,CO,95043,2002-02-01 00:00:00
5493,8239 Way Dr,Colorado Springs,CO,67430,2002-12-01 00:00:00
4090,1516 Bay Pl,Loveland,CO,50001,2002-06-01 00:00:00
3021,9391 Meadow Cir,Englewood,CO,52736,2002-04-01 00:00:00
306,2256 Grove St,Loveland,CO,62591,2002-11-01 00:00:00
49,3570 Terrace Blvd,Denver,CO,78181,2002-02-01 00:00:00
5231,3894 Bluff Tpke,Greeley,CO,50110,2002-07-01 00:00:00
9671,1640 Beach Fwy,Greeley,CO,94045,2002-04-01 00:00:00
1829,4946 Manor Pkwy,Englewood,CO,87169,2002-08-01 00:00:00
8889,5456 Island Cir,Englewood,CO,43793,2002-12-01 00:00:00
9611,8683 Mansion Rd,Aurora,CO,78621,2002-01-01 00:00:00
6780,3733 Creek Rd,Denver,CO,12961,2002-06-01 00:00:00
1434,9405 Place Pl,Littleton,CO,34459,2002-02-01 00:00:00
7084,7738 Cove I,Fort Collins,CO,69608,2002-04-01 00:00:00
4505,2191 Route Pkwy,Parker,CO,58270,2002-03-01 00:00:00
2474,1956 Brook Ln,Boulder,CO,96863,2002-09-01 00:00:00
9710,7264 Bluff Ct,Lakewood,CO,99041,2002-04-01 00:00:00
9303,7012 Avenue Rd,Littleton,CO,28740,2002-08-01 00:00:00
9444,7213 Bay Way,Littleton,CO,65958,2002-09-01 00:00:00
3924,9876 Avenue Cir,Parker,CO,30276,2002-06-01 00:00:00
5289,8599 Spa Ave,Boulder,CO,45142,2002-04-01 00:00:00
5725,5540 Forest Ct,Roxborough Park,CO,58757,2002-10-01 00:00:00
9987,2946 Chalet Ct,Aurora,CO,88757,2002-10-01 00:00:00
1410,140 Bay Rd,Englewood,CO,28954,2002-12-01 00:00:00
5439,3873 Tower Ln,Greeley,CO,80405,2002-05-01 00:00:00
4947,1297 Mansion I,Englewood,CO,27575,2002-04-01 00:00:00
7960,7360 Harbor Blvd,Parker,CO,65310,2002-09-01 00:00:00
9333,6799 Inn Hwy,Longmont,CO,31996,2002-12-01 00:00:00
2395,155 Ridge Pl,Parker,CO,47115,2002-01-01 00:00:00
9581,7534 Bluff Dr,Denver,CO,68503,2002-06-01 00:00:00
4787,4440 Square Blvd,Littleton,CO,41052,2002-06-01 00:00:00
1933,256 Motel Tpke,Greeley,CO,47356,2002-07-01 00:00:00
2539,4625 Boulevard Dr,Parker,CO,76249,2002-11-01 00:00:00
5230,2963 Boulevard Cir,Loveland,CO,11163,2003-02-01 00:00:00
6539,8021 Resort Rt,Englewood,CO,36749,2003-12-01 00:00:00
8813,8165 Street Hwy,Fort Collins,CO,80925,2003-04-01 00:00:00
9009,9157 Road Blvd,Boulder,CO,85566,2003-04-01 00:00:00
9408,2295 Way St,Denver,CO,43010,2003-09-01 00:00:00
9039,1537 Bay Rd,Englewood,CO,77187,2003-09-01 00:00:00
9031,1504 Lodge Ln,Loveland,CO,23392,2003-07-01 00:00:00
2541,5579 Circle Dr,Aurora,CO,60750,2003-09-01 00:00:00
2987,8609 Castle I,Colorado Springs,CO,87449,2003-06-01 00:00:00
3301,4534 Expressway I,Englewood,CO,97262,2003-05-01 00:00:00
2064,8623 Vineyard Hwy,Colorado Springs,CO,47420,2003-08-01 00:00:00
8004,387 Tower Pkwy,Greeley,CO,19663,2003-07-01 00:00:00
8551,1011 Square Blvd,Colorado Springs,CO,29068,2003-03-01 00:00:00
9954,2607 Bungalow Ave,Roxborough Park,CO,51594,2003-11-01 00:00:00
6509,928 Lodge Hwy,Loveland,CO,55660,2003-10-01 00:00:00
1535,2515 Ridge Tpke,Castle Rock,CO,21188,2003-08-01 00:00:00
8989,7082 Expressway Pl,Lakewood,CO,26572,2003-08-01 00:00:00
3543,7265 Road Fwy,Littleton,CO,48014,2003-05-01 00:00:00
8438,9423 Mansion Blvd,Denver,CO,38517,2003-07-01 00:00:00
3117,3617 Way Ct,Colorado Springs,CO,59360,2003-10-01 00:00:00
6149,6989 Ocean St,Fort Collins,CO,97998,2003-11-01 00:00:00
7613,4401 Interstate Rt,Castle Rock,CO,11168,2003-11-01 00:00:00
5319,9780 Terrace Rt,Castle Rock,CO,17558,2003-02-01 00:00:00
1150,8226 Street St,Loveland,CO,16499,2003-10-01 00:00:00
2245,6386 Meadow Fwy,Roxborough Park,CO,16073,2003-04-01 00:00:00
4555,933 Falls Cir,Greeley,CO,32350,2003-12-01 00:00:00
3066,7192 Spring Rt,Littleton,CO,34461,2003-07-01 00:00:00
1440,213 Maple Fwy,Fort Collins,CO,91650,2003-10-01 00:00:00
4362,6711 Sunrise Expy,Colorado Springs,CO,73618,2003-10-01 00:00:00
6857,9256 River Fwy,Roxborough Park,CO,21804,2003-02-01 00:00:00
1739,7674 Canyon Cir,Parker,CO,83323,2003-02-01 00:00:00
5326,9302 Path I,Englewood,CO,33259,2003-06-01 00:00:00
3337,1229 Oak Tpke,Castle Rock,CO,74932,2003-10-01 00:00:00
9282,1307 Path Tpke,Englewood,CO,49259,2003-08-01 00:00:00
4307,3964 Road Cir,Englewood,CO,20823,2003-06-01 00:00:00
4182,6605 Mountain Expy,Lakewood,CO,26234,2003-08-01 00:00:00
8469,600 Turnpike Rt,Parker,CO,21221,2003-07-01 00:00:00
540,1246 Hotel Hwy,Loveland,CO,93619,2003-05-01 00:00:00
2048,451 Freeway Dr,Roxborough Park,CO,68311,2003-07-01 00:00:00
8173,2051 Stream Rd,Longmont,CO,21881,2003-03-01 00:00:00
2962,7988 Mesa Rt,Greeley,CO,98680,2003-09-01 00:00:00
9967,1267 Street Pkwy,Englewood,CO,32963,2003-09-01 00:00:00
4296,5994 Place Dr,Greeley,CO,22906,2003-02-01 00:00:00
7398,6227 Castle Dr,Lakewood,CO,36310,2003-10-01 00:00:00
8477,5039 Orchard Dr,Littleton,CO,51611,2003-08-01 00:00:00
1441,1041 Garden Ln,Longmont,CO,18530,2003-09-01 00:00:00
267,3074 Lagoon Ct,Englewood,CO,90245,2003-03-01 00:00:00
8622,2782 Butte Rd,Longmont,CO,54342,2003-06-01 00:00:00
7589,1650 Desert Ln,Fort Collins,CO,11145,2003-10-01 00:00:00
2006,823 Avenue Blvd,Roxborough Park,CO,68299,2003-10-01 00:00:00
2229,3135 Pond Expy,Fort Collins,CO,81152,2003-09-01 00:00:00
1194,985 Club Pl,Littleton,CO,14859,2003-07-01 00:00:00
5353,3331 Trail Ct,Roxborough Park,CO,22413,2003-05-01 00:00:00
9067,6290 Plateau St,Roxborough Park,CO,85269,2003-10-01 00:00:00
880,8914 Cottage Fwy,Littleton,CO,26704,2003-01-01 00:00:00
7686,9045 Manor Fwy,Castle Rock,CO,14271,2003-03-01 00:00:00
3037,8648 Club Dr,Parker,CO,70906,2003-11-01 00:00:00
6209,6617 Oak Ave,Colorado Springs,CO,66260,2003-10-01 00:00:00
6940,7 Sea Fwy,Englewood,CO,61477,2003-03-01 00:00:00
1588,6473 Castle Cir,Greeley,CO,82394,2003-09-01 00:00:00
551,9722 Bluff Expy,Greeley,CO,52109,2003-02-01 00:00:00
7115,2968 Palace Blvd,Roxborough Park,CO,84166,2003-06-01 00:00:00
7792,6011 Ranch I,Boulder,CO,13204,2003-05-01 00:00:00
7,8534 Trail Expy,Englewood,CO,20844,2003-01-01 00:00:00
6452,6675 Avenue Expy,Littleton,CO,60761,2003-01-01 00:00:00
3807,4042 Main Cir,Aurora,CO,77913,2003-11-01 00:00:00
218,6179 Route Ct,Loveland,CO,52228,2004-10-01 00:00:00
2298,6119 Cliff Fwy,Lakewood,CO,25429,2004-07-01 00:00:00
4048,3374 Club Pl,Castle Rock,CO,33640,2004-11-01 00:00:00
499,8480 Circle Dr,Longmont,CO,32444,2004-10-01 00:00:00
6001,8270 Sea Hwy,Fort Collins,CO,75707,2004-06-01 00:00:00
334,7508 Spa Hwy,Aurora,CO,79947,2004-11-01 00:00:00
3423,107 Canyon Hwy,Loveland,CO,76390,2004-10-01 00:00:00
807,1342 Turnpike Way,Denver,CO,62332,2004-06-01 00:00:00
8828,6702 Ranch Cir,Lakewood,CO,72409,2004-03-01 00:00:00
5149,2605 Falls I,Lakewood,CO,99752,2004-07-01 00:00:00
5462,6805 Expressway I,Denver,CO,84037,2004-06-01 00:00:00
3731,6324 Expressway Ln,Greeley,CO,30837,2004-09-01 00:00:00
2495,2353 Lane Cir,Castle Rock,CO,57320,2004-07-01 00:00:00
8035,4676 Brook Way,Roxborough Park,CO,94926,2004-07-01 00:00:00
7449,5689 Terrace Way,Lakewood,CO,35717,2004-03-01 00:00:00
638,2639 Parkway Ln,Englewood,CO,57987,2004-06-01 00:00:00
5894,2148 Palace Pkwy,Roxborough Park,CO,99631,2004-12-01 00:00:00
6562,8128 Spring Blvd,Denver,CO,51603,2004-04-01 00:00:00
831,1365 Spa Way,Longmont,CO,59693,2004-07-01 00:00:00
8684,6869 Bungalow Pkwy,Fort Collins,CO,38527,2004-03-01 00:00:00
526,4849 Lane Way,Roxborough Park,CO,25576,2004-03-01 00:00:00
763,6200 Butte Blvd,Fort Collins,CO,23257,2004-03-01 00:00:00
5164,1400 Canyon Pl,Roxborough Park,CO,94545,2004-08-01 00:00:00
8580,3168 Route Rt,Littleton,CO,53946,2004-10-01 00:00:00
4399,7911 Lodge Way,Parker,CO,81407,2004-07-01 00:00:00
4952,7217 Pond Rd,Littleton,CO,72055,2004-01-01 00:00:00
4641,6479 Meadow St,Boulder,CO,95475,2004-08-01 00:00:00
2397,7896 Motel Cir,Loveland,CO,24795,2004-03-01 00:00:00
7633,3775 Club Rd,Englewood,CO,47284,2004-01-01 00:00:00
9952,825 Freeway Dr,Roxborough Park,CO,21781,2004-08-01 00:00:00
5024,4570 Valley Rd,Colorado Springs,CO,96624,2004-10-01 00:00:00
8764,9488 Cove Ln,Boulder,CO,34001,2004-09-01 00:00:00
4060,7782 Cliff Cir,Aurora,CO,54605,2004-10-01 00:00:00
5808,7892 Chalet Dr,Roxborough Park,CO,59758,2004-08-01 00:00:00
688,2064 Lagoon I,Lakewood,CO,95844,2004-12-01 00:00:00
3574,1753 Cottage Cir,Longmont,CO,25667,2004-02-01 00:00:00
9690,3035 Main I,Longmont,CO,88219,2004-09-01 00:00:00
8162,7306 Street Blvd,Longmont,CO,30987,2004-01-01 00:00:00
7326,6063 Sea Rt,Loveland,CO,57996,2004-09-01 00:00:00
2499,8167 Bay Fwy,Boulder,CO,46694,2004-10-01 00:00:00
4037,9709 Court St,Colorado Springs,CO,81849,2004-11-01 00:00:00
554,9869 Beach Pl,Longmont,CO,77949,2004-07-01 00:00:00
6100,4361 Mansion Ave,Aurora,CO,79716,2004-08-01 00:00:00
1305,3893 Interstate Tpke,Castle Rock,CO,41871,2004-06-01 00:00:00
4105,8734 Spa Expy,Boulder,CO,41750,2004-08-01 00:00:00
1810,8455 Garden Expy,Parker,CO,21112,2004-07-01 00:00:00
2260,2667 Stream Hwy,Castle Rock,CO,61944,2004-02-01 00:00:00
6357,1768 Lagoon St,Roxborough Park,CO,28768,2004-01-01 00:00:00
9994,7320 Bungalow Rt,Roxborough Park,CO,82613,2004-04-01 00:00:00
2890,5009 Vineyard Pl,Fort Collins,CO,47738,2004-12-01 00:00:00
2319,2670 Court Ct,Longmont,CO,21922,2004-06-01 00:00:00
9669,1007 Stream Tpke,Castle Rock,CO,22134,2004-10-01 00:00:00
4373,5306 Hill Pkwy,Roxborough Park,CO,59976,2004-05-01 00:00:00
1703,8871 Avenue Ave,Loveland,CO,66243,2004-01-01 00:00:00
6516,5643 Cedar Ave,Englewood,CO,78138,2004-10-01 00:00:00
509,5722 Maple Dr,Littleton,CO,63928,2004-04-01 00:00:00
1012,5385 Mountain Way,Lakewood,CO,73602,2004-07-01 00:00:00
312,226 Palace Rd,Lakewood,CO,28766,2004-01-01 00:00:00
1961,1334 Stream Fwy,Englewood,CO,84125,2004-09-01 00:00:00
6190,6178 Valley Ct,Lakewood,CO,64017,2004-11-01 00:00:00
5430,9928 Turnpike Expy,Littleton,CO,66262,2004-07-01 00:00:00
922,6151 Ridge Ave,Boulder,CO,18705,2004-03-01 00:00:00
6506,5143 Cabin Ct,Littleton,CO,52300,2004-05-01 00:00:00
993,8988 Freeway Dr,Colorado Springs,CO,38372,2004-10-01 00:00:00
6110,272 Boulevard Rt,Boulder,CO,89421,2004-03-01 00:00:00
9364,428 Maple Expy,Englewood,CO,87107,2004-01-01 00:00:00
6920,7326 Trail Dr,Boulder,CO,45035,2004-01-01 00:00:00
3715,7974 Castle Ave,Englewood,CO,24444,2004-11-01 00:00:00
2288,7260 Terrace Blvd,Colorado Springs,CO,61638,2004-03-01 00:00:00
2625,5981 Cottage Ln,Greeley,CO,45147,2004-05-01 00:00:00
1336,8167 Sea Rt,Parker,CO,45310,2004-05-01 00:00:00
2241,2554 Canyon Blvd,Longmont,CO,80738,2004-08-01 00:00:00
8651,5740 Vineyard Pkwy,Colorado Springs,CO,40119,2004-06-01 00:00:00
4985,1750 Bluff Pkwy,Fort Collins,CO,92285,2004-08-01 00:00:00
9437,7087 Place Pl,Castle Rock,CO,83344,2004-11-01 00:00:00
1461,7130 Bluff Hwy,Lakewood,CO,77442,2004-01-01 00:00:00
9818,15 Lodge St,Littleton,CO,15144,2004-09-01 00:00:00
20,8004 Farm Pkwy,Denver,CO,21925,2004-09-01 00:00:00
4419,3920 Forest Rd,Greeley,CO,42291,2004-03-01 00:00:00
4471,2858 Spring Rd,Greeley,CO,50435,2004-05-01 00:00:00
2548,6458 Hotel Expy,Longmont,CO,32597,2004-11-01 00:00:00
2603,7108 Desert Ct,Castle Rock,CO,63094,2004-07-01 00:00:00
2025,3739 Cottage Expy,Roxborough Park,CO,88561,2004-05-01 00:00:00
8214,5923 Cedar Dr,Lakewood,CO,82009,2004-06-01 00:00:00
6595,8872 Highway Pkwy,Greeley,CO,78204,2004-09-01 00:00:00
5270,3078 Club Ave,Boulder,CO,48810,2004-09-01 00:00:00
7206,8179 Spa Cir,Loveland,CO,50025,2004-05-01 00:00:00
5784,9544 Mesa Rd,Boulder,CO,63997,2004-01-01 00:00:00
6925,1039 Palace Cir,Englewood,CO,98552,2004-05-01 00:00:00
5774,5915 Boulevard Tpke,Boulder,CO,47381,2004-10-01 00:00:00
4547,4758 Hill Rd,Boulder,CO,83107,2004-11-01 00:00:00
3180,1168 Square Hwy,Littleton,CO,12505,2004-08-01 00:00:00
4961,6996 Bungalow Fwy,Boulder,CO,78431,2004-03-01 00:00:00
5577,2105 Court Ave,Aurora,CO,27838,2004-11-01 00:00:00
1976,7603 Harbor I,Parker,CO,40769,2004-11-01 00:00:00
6517,7453 Harbor Hwy,Denver,CO,69507,2004-07-01 00:00:00
7551,3410 Farm Rt,Lakewood,CO,15208,2004-04-01 00:00:00
2846,3169 Stream Fwy,Englewood,CO,58818,2004-05-01 00:00:00
7392,8982 Way Ct,Colorado Springs,CO,22293,2004-01-01 00:00:00
2939,5551 Cabin Pkwy,Boulder,CO,28976,2004-03-01 00:00:00
307,5608 Lane Blvd,Englewood,CO,18975,2004-03-01 00:00:00
4051,5125 Spa Ct,Parker,CO,67215,2004-03-01 00:00:00
7732,6393 Farm Expy,Parker,CO,35319,2004-01-01 00:00:00
1946,4550 Street Pkwy,Longmont,CO,82768,2004-11-01 00:00:00
1131,794 Lodge I,Englewood,CO,87198,2004-01-01 00:00:00
7216,9619 Resort Hwy,Boulder,CO,34864,2004-08-01 00:00:00
5628,5045 Chalet Rt,Greeley,CO,86566,2004-01-01 00:00:00
1926,2779 Garden Ave,Littleton,CO,40827,2004-04-01 00:00:00
1720,6556 Inn Rd,Colorado Springs,CO,89467,2004-03-01 00:00:00
5328,7035 River Pl,Denver,CO,11393,2004-05-01 00:00:00
1632,4366 Mesa St,Lakewood,CO,90690,2004-02-01 00:00:00
7843,243 Circle Ave,Littleton,CO,41562,2004-03-01 00:00:00
6021,3104 Butte Cir,Aurora,CO,73608,2004-05-01 00:00:00
829,4007 Brook Way,Longmont,CO,59654,2004-02-01 00:00:00
6179,847 Mountain Blvd,Fort Collins,CO,88637,2004-11-01 00:00:00
5035,4456 Bluff Expy,Aurora,CO,11481,2004-05-01 00:00:00
5296,6423 Farm Pl,Colorado Springs,CO,27310,2004-10-01 00:00:00
9978,9418 Bungalow I,Littleton,CO,15548,2004-08-01 00:00:00
1080,6420 Stream St,Greeley,CO,87824,2004-11-01 00:00:00
5915,5155 Circle St,Fort Collins,CO,53494,2004-11-01 00:00:00
8102,8730 Castle St,Englewood,CO,48050,2004-12-01 00:00:00
6750,9142 Vineyard Hwy,Denver,CO,86066,2004-06-01 00:00:00
6795,7332 Canyon Tpke,Greeley,CO,95170,2004-03-01 00:00:00
7039,1192 Creek Rd,Aurora,CO,84096,2004-04-01 00:00:00
6099,2611 Elm Blvd,Fort Collins,CO,88674,2004-01-01 00:00:00
7108,3515 Grove Hwy,Aurora,CO,29632,2004-10-01 00:00:00
527,4855 Lane Fwy,Lakewood,CO,24138,2004-01-01 00:00:00
5714,6946 Elm St,Castle Rock,CO,55205,2004-04-01 00:00:00
8074,5543 Elm Ln,Roxborough Park,CO,35097,2004-12-01 00:00:00
5301,5913 Lane Tpke,Boulder,CO,22514,2004-05-01 00:00:00
7412,5319 Vineyard Hwy,Colorado Springs,CO,82375,2004-12-01 00:00:00
4603,7526 Trail Hwy,Loveland,CO,16304,2004-04-01 00:00:00
8720,7888 Maple Ct,Littleton,CO,92694,2004-03-01 00:00:00
7299,5527 Cabin Ave,Greeley,CO,91270,2004-10-01 00:00:00
9749,3174 Resort Hwy,Lakewood,CO,62439,2004-07-01 00:00:00
9112,4874 Meadow Ave,Roxborough Park,CO,39859,2004-06-01 00:00:00
6306,337 Park I,Denver,CO,26016,2004-08-01 00:00:00
8854,6845 Way Rd,Roxborough Park,CO,88197,2004-02-01 00:00:00
4490,8025 Oak I,Parker,CO,79572,2004-04-01 00:00:00
7920,252 Hill Ave,Parker,CO,25696,2004-11-01 00:00:00
2924,1576 Bluff Pl,Littleton,CO,52264,2004-01-01 00:00:00
2709,2510 Parkway Rt,Longmont,CO,65574,2004-10-01 00:00:00
8977,7684 Cove Pkwy,Roxborough Park,CO,37451,2004-06-01 00:00:00
3518,7484 Hill Ct,Greeley,CO,53006,2004-07-01 00:00:00
830,6758 Interstate Pkwy,Aurora,CO,23460,2004-12-01 00:00:00
9208,5431 Brook Ave,Longmont,CO,65863,2004-03-01 00:00:00
1154,4139 Orchard Hwy,Parker,CO,82621,2004-03-01 00:00:00
1001,9899 Mountain Expy,Greeley,CO,17506,2004-10-01 00:00:00
9613,2439 Lodge Rt,Fort Collins,CO,11915,2004-10-01 00:00:00
6300,9987 Cabin I,Lakewood,CO,14933,2004-12-01 00:00:00
9881,5139 Spa Blvd,Englewood,CO,88105,2004-10-01 00:00:00
2564,7783 Mesa Pkwy,Roxborough Park,CO,98676,2004-06-01 00:00:00
3899,8538 Mountain Rt,Aurora,CO,51084,2004-02-01 00:00:00
4631,235 Plateau Expy,Loveland,CO,81822,2004-03-01 00:00:00
1790,8412 Road Fwy,Colorado Springs,CO,78098,2004-03-01 00:00:00
8050,5843 Farm Pkwy,Colorado Springs,CO,62226,2004-01-01 00:00:00
1553,2893 Avenue Ct,Fort Collins,CO,14148,2004-07-01 00:00:00
2012,4358 Maple Ln,Lakewood,CO,70481,2004-12-01 00:00:00
8358,9523 Street Pl,Loveland,CO,17203,2004-04-01 00:00:00
4492,4564 Garden Ave,Roxborough Park,CO,15487,2004-01-01 00:00:00
9036,5417 Main I,Longmont,CO,48078,2004-03-01 00:00:00
1837,1714 Sunrise Ave,Greeley,CO,26807,2004-01-01 00:00:00
9405,422 Falls Fwy,Boulder,CO,45703,2004-08-01 00:00:00
5347,4957 Freeway Blvd,Lakewood,CO,91483,2004-07-01 00:00:00
5310,7896 River Pkwy,Roxborough Park,CO,45546,2004-08-01 00:00:00
8777,9071 Butte Expy,Roxborough Park,CO,95541,2004-11-01 00:00:00
7887,7012 Island Pkwy,Loveland,CO,54630,2004-11-01 00:00:00
4628,813 Route St,Littleton,CO,60295,2004-06-01 00:00:00
3386,7586 Island Rt,Fort Collins,CO,74752,2004-01-01 00:00:00
8612,2151 Sunrise St,Castle Rock,CO,33116,2004-12-01 00:00:00
6022,3984 Farm Expy,Englewood,CO,25693,2004-09-01 00:00:00
6576,2471 Cliff Tpke,Castle Rock,CO,81654,2004-07-01 00:00:00
1160,3696 Chalet Cir,Colorado Springs,CO,87935,2004-04-01 00:00:00
6782,8924 Inn Ct,Denver,CO,77613,2004-12-01 00:00:00
8380,4461 Court Pkwy,Longmont,CO,71030,2004-01-01 00:00:00
7719,3854 Garden Pkwy,Parker,CO,81047,2004-02-01 00:00:00
9635,5822 Lodge Cir,Colorado Springs,CO,60290,2004-01-01 00:00:00
396,6764 Avenue Expy,Greeley,CO,95008,2004-02-01 00:00:00
852,361 Valley Hwy,Greeley,CO,42796,2004-04-01 00:00:00
2544,1079 Route Blvd,Castle Rock,CO,76380,2004-04-01 00:00:00
9375,3892 Sunrise Pkwy,Lakewood,CO,21238,2004-08-01 00:00:00
5787,5479 Trail Hwy,Loveland,CO,35160,2004-05-01 00:00:00
7340,6483 Bungalow Way,Colorado Springs,CO,19059,2004-04-01 00:00:00
7469,9110 Plateau Blvd,Parker,CO,24335,2004-09-01 00:00:00
159,6295 Cedar St,Littleton,CO,76810,2004-09-01 00:00:00
5448,1000 Castle Dr,Colorado Springs,CO,55721,2004-10-01 00:00:00
9752,7053 Street Tpke,Fort Collins,CO,24374,2004-07-01 00:00:00
7209,2621 Parkway St,Boulder,CO,63927,2004-02-01 00:00:00
8252,7213 Sea Cir,Colorado Springs,CO,95173,2004-01-01 00:00:00
951,9373 Mountain St,Englewood,CO,70696,2004-07-01 00:00:00
9620,9121 Cliff Tpke,Colorado Springs,CO,86039,2004-01-01 00:00:00
5757,7450 Farm Dr,Greeley,CO,79932,2004-10-01 00:00:00
1356,4539 Motel St,Aurora,CO,84168,2004-01-01 00:00:00
4311,932 Lagoon Way,Aurora,CO,34711,2004-08-01 00:00:00
142,4208 Ridge Rd,Castle Rock,CO,99410,2004-04-01 00:00:00
108,7006 Hill Tpke,Loveland,CO,39432,2004-10-01 00:00:00
689,3086 Oak Hwy,Fort Collins,CO,16118,2004-10-01 00:00:00
3830,4354 Sunset Pkwy,Littleton,CO,60838,2004-08-01 00:00:00
388,5297 Plateau Way,Lakewood,CO,49358,2004-08-01 00:00:00
7386,1787 Falls St,Parker,CO,51634,2004-02-01 00:00:00
847,659 Cottage Rd,Denver,CO,38566,2004-08-01 00:00:00
1951,9496 Beach Way,Boulder,CO,44772,2004-06-01 00:00:00
4721,3398 Ranch Cir,Englewood,CO,42659,2004-07-01 00:00:00
9623,3252 Ridge Pkwy,Fort Collins,CO,58343,2004-07-01 00:00:00
7581,6932 Elm I,Denver,CO,80349,2004-10-01 00:00:00
5288,6351 Tower Hwy,Roxborough Park,CO,36346,2004-12-01 00:00:00
358,9647 Pine St,Parker,CO,86408,2004-12-01 00:00:00
8497,112 Boulevard Hwy,Boulder,CO,27425,2004-12-01 00:00:00
4800,5793 Court Ln,Fort Collins,CO,57900,2004-07-01 00:00:00
3428,5321 Pine St,Longmont,CO,15737,2004-05-01 00:00:00
2081,1602 Forest St,Fort Collins,CO,29490,2004-05-01 00:00:00
1378,6382 Drive St,Fort Collins,CO,89451,2004-01-01 00:00:00
4966,2532 Hill Dr,Parker,CO,30624,2004-04-01 00:00:00
5643,728 Interstate Rd,Castle Rock,CO,77655,2004-12-01 00:00:00
1367,3254 Cliff Dr,Loveland,CO,80284,2004-06-01 00:00:00
5355,6673 Place Hwy,Longmont,CO,87233,2004-07-01 00:00:00
5492,6173 Cabin Rt,Loveland,CO,89452,2004-10-01 00:00:00
6818,3843 Street Rd,Roxborough Park,CO,51794,2004-05-01 00:00:00
2514,1792 Highway Rt,Colorado Springs,CO,73592,2004-02-01 00:00:00
126,6133 Butte Expy,Englewood,CO,77406,2004-06-01 00:00:00
3052,2703 Inn Ln,Littleton,CO,13885,2004-05-01 00:00:00
248,5034 Main Pl,Littleton,CO,43874,2004-10-01 00:00:00
5202,1623 Way St,Greeley,CO,72084,2005-10-01 00:00:00
3378,4946 Turnpike Cir,Greeley,CO,39441,2005-06-01 00:00:00
4889,7168 Expressway Cir,Longmont,CO,12425,2005-10-01 00:00:00
1496,7940 Oak Ln,Colorado Springs,CO,69754,2005-01-01 00:00:00
3144,5111 Hotel Pkwy,Boulder,CO,37055,2005-11-01 00:00:00
4863,3625 Circle I,Lakewood,CO,19483,2005-10-01 00:00:00
9712,9962 Street Pl,Lakewood,CO,97136,2005-03-01 00:00:00
7222,5032 Spring Hwy,Lakewood,CO,57520,2005-10-01 00:00:00
5188,4846 Resort Ave,Littleton,CO,10926,2005-05-01 00:00:00
5609,4723 Lane Hwy,Littleton,CO,95758,2005-06-01 00:00:00
988,2654 Spa Pl,Littleton,CO,72096,2005-01-01 00:00:00
2894,4822 Lane Ln,Castle Rock,CO,59441,2005-05-01 00:00:00
3637,4104 Farm Dr,Longmont,CO,47347,2005-06-01 00:00:00
625,5540 Elm Hwy,Fort Collins,CO,65352,2005-05-01 00:00:00
6045,7267 Harbor Hwy,Parker,CO,48764,2005-01-01 00:00:00
6305,7385 Elm Ave,Denver,CO,14424,2005-10-01 00:00:00
9741,1168 Tower Rt,Castle Rock,CO,34408,2005-05-01 00:00:00
4570,9235 Street Hwy,Littleton,CO,74726,2005-01-01 00:00:00
9005,5592 Freeway I,Fort Collins,CO,29611,2005-03-01 00:00:00
9802,8293 Forest Tpke,Parker,CO,13022,2005-10-01 00:00:00
5760,3004 Place Ct,Englewood,CO,95600,2005-05-01 00:00:00
8475,9737 Manor I,Littleton,CO,28678,2005-01-01 00:00:00
9078,2715 Ranch Blvd,Castle Rock,CO,30899,2005-08-01 00:00:00
711,8343 Island Ln,Castle Rock,CO,46179,2005-09-01 00:00:00
6586,110 Harbor Rt,Lakewood,CO,64727,2005-03-01 00:00:00
9950,2572 Mesa Pkwy,Roxborough Park,CO,88450,2005-07-01 00:00:00
3704,691 Cabin Way,Greeley,CO,95148,2005-11-01 00:00:00
5800,5352 Orchard Rt,Aurora,CO,82316,2005-09-01 00:00:00
6734,8686 Cliff Pkwy,Loveland,CO,76784,2005-01-01 00:00:00
2983,6339 Avenue Tpke,Littleton,CO,73636,2005-04-01 00:00:00
482,4696 Resort Tpke,Aurora,CO,16484,2005-09-01 00:00:00
6792,5358 Island Pkwy,Fort Collins,CO,63904,2005-09-01 00:00:00
7761,1136 Bungalow I,Denver,CO,40213,2005-07-01 00:00:00
3355,5311 Lagoon Fwy,Loveland,CO,68929,2005-04-01 00:00:00
8992,6939 Pine Pkwy,Lakewood,CO,77486,2005-05-01 00:00:00
3738,1284 Court Hwy,Lakewood,CO,30747,2005-08-01 00:00:00
9026,148 Hotel Blvd,Denver,CO,91411,2005-02-01 00:00:00
828,7428 Creek Cir,Colorado Springs,CO,32890,2005-02-01 00:00:00
4475,6244 Sunset Rt,Englewood,CO,16007,2005-05-01 00:00:00
8182,2604 Circle Dr,Littleton,CO,95948,2005-03-01 00:00:00
6985,90 Cottage Ct,Longmont,CO,36182,2005-04-01 00:00:00
755,914 Lake Hwy,Littleton,CO,16100,2005-05-01 00:00:00
6876,1467 Maple Pl,Denver,CO,36726,2005-08-01 00:00:00
6500,5111 Expressway Expy,Boulder,CO,85792,2005-02-01 00:00:00
5042,8576 Sunrise Pl,Longmont,CO,23958,2005-04-01 00:00:00
7317,1304 Castle Ct,Loveland,CO,94440,2005-11-01 00:00:00
4204,1489 Grove St,Fort Collins,CO,65249,2005-12-01 00:00:00
4157,1971 Cove Rt,Castle Rock,CO,38467,2005-03-01 00:00:00
4919,5732 Lodge I,Roxborough Park,CO,29610,2005-02-01 00:00:00
8476,3893 Street Blvd,Fort Collins,CO,25808,2005-12-01 00:00:00
3211,3307 Spa Hwy,Englewood,CO,29941,2005-03-01 00:00:00
8869,8661 River Ct,Colorado Springs,CO,84104,2005-01-01 00:00:00
9921,9951 River Hwy,Fort Collins,CO,45381,2005-08-01 00:00:00
4760,5564 Court Blvd,Fort Collins,CO,57839,2005-08-01 00:00:00
5697,4034 Street Rt,Denver,CO,45182,2005-02-01 00:00:00
4438,5033 Tower Dr,Fort Collins,CO,63880,2005-10-01 00:00:00
7891,3337 Lane Ave,Roxborough Park,CO,26816,2005-05-01 00:00:00
8519,6776 Maple Pkwy,Castle Rock,CO,52181,2005-02-01 00:00:00
7919,9556 Ranch Hwy,Aurora,CO,61708,2005-01-01 00:00:00
7202,7530 Place Ave,Denver,CO,54962,2005-04-01 00:00:00
5707,9677 Forest I,Colorado Springs,CO,76033,2005-11-01 00:00:00
7101,926 Bay Expy,Colorado Springs,CO,57678,2005-07-01 00:00:00
1215,266 Butte Expy,Lakewood,CO,77117,2005-03-01 00:00:00
3382,4976 Hotel Rt,Denver,CO,94741,2005-11-01 00:00:00
8846,1625 Drive Way,Littleton,CO,89440,2005-11-01 00:00:00
6244,5433 Garden Hwy,Denver,CO,48836,2005-05-01 00:00:00
8043,226 Place Pkwy,Littleton,CO,32345,2005-12-01 00:00:00
6843,3148 Orchard Ct,Colorado Springs,CO,43931,2005-06-01 00:00:00
1357,4297 Bay Dr,Colorado Springs,CO,97322,2005-02-01 00:00:00
4557,5230 Creek Rd,Longmont,CO,39725,2005-02-01 00:00:00
1950,74 Circle Hwy,Longmont,CO,63827,2005-01-01 00:00:00
4420,6586 Cedar Ave,Castle Rock,CO,61073,2005-08-01 00:00:00
2130,4219 Boulevard Cir,Castle Rock,CO,36393,2005-04-01 00:00:00
7556,5256 Inn St,Greeley,CO,32733,2005-09-01 00:00:00
5092,7111 Street Rt,Longmont,CO,86382,2005-06-01 00:00:00
1225,5573 Park Way,Parker,CO,91171,2005-07-01 00:00:00
6013,1087 Drive Way,Colorado Springs,CO,58523,2005-11-01 00:00:00
5756,8290 Tower Rt,Denver,CO,40720,2005-02-01 00:00:00
7506,8736 Maple Rd,Boulder,CO,34408,2005-02-01 00:00:00
1901,9870 Farm Hwy,Longmont,CO,78346,2005-01-01 00:00:00
5964,3380 Sunset Cir,Aurora,CO,54649,2005-07-01 00:00:00
4293,3915 Ranch St,Lakewood,CO,83568,2005-10-01 00:00:00
3461,7634 Resort Pkwy,Greeley,CO,69904,2005-05-01 00:00:00
2606,2366 Falls Ave,Castle Rock,CO,27598,2005-11-01 00:00:00
883,8881 Castle Ct,Aurora,CO,74942,2005-12-01 00:00:00
4553,5816 Island Fwy,Denver,CO,93847,2005-08-01 00:00:00
9030,375 Oak Pkwy,Castle Rock,CO,67804,2005-06-01 00:00:00
1824,6182 Road Tpke,Parker,CO,88553,2005-08-01 00:00:00
3981,2163 Club Expy,Denver,CO,73874,2005-02-01 00:00:00
5668,2273 Inn Hwy,Castle Rock,CO,69198,2005-10-01 00:00:00
6484,7302 Mountain Way,Roxborough Park,CO,25570,2005-08-01 00:00:00
6638,1764 Cove Rt,Colorado Springs,CO,70720,2005-05-01 00:00:00
1805,8916 Street Tpke,Loveland,CO,45110,2005-02-01 00:00:00
8222,8701 Cliff Rd,Castle Rock,CO,11490,2005-09-01 00:00:00
4697,7218 Sunrise I,Fort Collins,CO,51349,2005-07-01 00:00:00
579,9217 Garden St,Colorado Springs,CO,55414,2005-10-01 00:00:00
5472,2188 Inn Ct,Greeley,CO,74144,2005-07-01 00:00:00
3310,3251 Vineyard Blvd,Boulder,CO,59437,2005-06-01 00:00:00
8451,7169 Expressway Dr,Longmont,CO,89786,2005-06-01 00:00:00
2351,6960 Turnpike Ln,Littleton,CO,81455,2005-03-01 00:00:00
5099,1654 Desert Ln,Fort Collins,CO,35784,2005-04-01 00:00:00
7939,2749 Avenue Cir,Parker,CO,58904,2005-05-01 00:00:00
3239,6641 Motel Tpke,Loveland,CO,57758,2005-09-01 00:00:00
7516,6971 Sea I,Castle Rock,CO,56844,2005-06-01 00:00:00
9911,6225 Street Hwy,Boulder,CO,76686,2005-09-01 00:00:00
4746,4881 Club Hwy,Denver,CO,23947,2005-06-01 00:00:00
4470,1127 Hotel St,Denver,CO,67631,2005-10-01 00:00:00
674,3433 Lake Tpke,Roxborough Park,CO,87794,2005-05-01 00:00:00
4722,1350 Street Blvd,Boulder,CO,60288,2005-02-01 00:00:00
6083,8852 Sunrise Rt,Roxborough Park,CO,19429,2005-06-01 00:00:00
7816,6395 Creek Dr,Colorado Springs,CO,16540,2005-05-01 00:00:00
706,6392 Spring I,Parker,CO,30792,2005-08-01 00:00:00
8575,7691 Butte Ct,Aurora,CO,92554,2005-09-01 00:00:00
2615,5911 Freeway Dr,Fort Collins,CO,35645,2005-12-01 00:00:00
507,5857 Club Pkwy,Denver,CO,64074,2005-08-01 00:00:00
4170,226 Route Blvd,Loveland,CO,12275,2005-03-01 00:00:00
7707,9234 Hill Rd,Greeley,CO,28277,2005-10-01 00:00:00
7388,3272 Mesa Cir,Aurora,CO,76712,2005-10-01 00:00:00
7500,5541 Butte Hwy,Aurora,CO,17359,2005-11-01 00:00:00
324,7358 Orchard Tpke,Roxborough Park,CO,95640,2005-11-01 00:00:00
5276,634 Mesa Hwy,Roxborough Park,CO,88537,2005-09-01 00:00:00
6738,7928 Sunrise Way,Castle Rock,CO,38226,2005-10-01 00:00:00
232,2030 Road Ave,Roxborough Park,CO,29299,2005-11-01 00:00:00
5133,3077 Falls Way,Aurora,CO,93690,2005-05-01 00:00:00
9312,7973 Meadow Tpke,Boulder,CO,72184,2005-02-01 00:00:00
6211,7561 Maple Rd,Englewood,CO,75609,2005-02-01 00:00:00
2953,3599 Orchard Ln,Littleton,CO,23726,2005-05-01 00:00:00
1061,5407 Orchard Tpke,Greeley,CO,68499,2005-10-01 00:00:00
5859,7973 Ranch Ct,Longmont,CO,36657,2005-01-01 00:00:00
1917,7820 Square Blvd,Lakewood,CO,86015,2005-04-01 00:00:00
6012,9449 Ranch Fwy,Greeley,CO,87552,2005-06-01 00:00:00
3416,2874 Trail Expy,Loveland,CO,62771,2005-01-01 00:00:00
2112,7668 Parkway Rd,Greeley,CO,20974,2005-08-01 00:00:00
6591,2396 Trail Expy,Greeley,CO,98611,2005-11-01 00:00:00
4539,5313 Meadow Ave,Aurora,CO,16821,2005-11-01 00:00:00
7433,7187 Tower Way,Lakewood,CO,49027,2005-04-01 00:00:00
618,6791 Lane Pkwy,Fort Collins,CO,29090,2005-10-01 00:00:00
4086,1267 Castle Fwy,Littleton,CO,74186,2005-06-01 00:00:00
7357,2894 Plateau St,Denver,CO,43032,2005-11-01 00:00:00
8064,1720 Terrace St,Aurora,CO,86395,2005-08-01 00:00:00
9419,3347 Hotel Pkwy,Denver,CO,56085,2005-11-01 00:00:00
3756,6189 Hill Rd,Englewood,CO,83654,2005-11-01 00:00:00
9699,9394 River Hwy,Parker,CO,89150,2005-08-01 00:00:00
4336,4058 Garden I,Lakewood,CO,17183,2005-03-01 00:00:00
2070,1627 Cliff Ln,Castle Rock,CO,87447,2005-03-01 00:00:00
8200,6243 Mansion Rd,Parker,CO,99967,2005-05-01 00:00:00
8975,4620 Desert I,Roxborough Park,CO,80714,2005-06-01 00:00:00
7160,7331 Route Rt,Denver,CO,60203,2005-02-01 00:00:00
709,671 Parkway Fwy,Littleton,CO,16734,2005-04-01 00:00:00
8297,9776 Path Ln,Colorado Springs,CO,88551,2005-02-01 00:00:00
7274,748 Lake St,Denver,CO,73856,2005-04-01 00:00:00
4827,254 Highway I,Aurora,CO,22533,2005-07-01 00:00:00
2106,2159 Main Way,Englewood,CO,75267,2005-05-01 00:00:00
2292,9364 Manor Ln,Denver,CO,82700,2005-08-01 00:00:00
3988,3841 Farm Tpke,Littleton,CO,82764,2005-06-01 00:00:00
205,9604 Bungalow Ave,Aurora,CO,19026,2005-10-01 00:00:00
5977,9177 Street Fwy,Castle Rock,CO,55440,2005-09-01 00:00:00
5769,7538 Expressway Expy,Castle Rock,CO,95532,2005-04-01 00:00:00
2949,6468 Square St,Englewood,CO,19265,2005-08-01 00:00:00
8137,5783 Manor St,Lakewood,CO,71156,2005-06-01 00:00:00
2669,6207 Highway St,Roxborough Park,CO,60410,2005-10-01 00:00:00
8677,3140 Garden St,Fort Collins,CO,92581,2005-03-01 00:00:00
3854,7167 Vineyard I,Parker,CO,49619,2005-09-01 00:00:00
4270,3447 Drive Fwy,Castle Rock,CO,64513,2005-11-01 00:00:00
1075,9058 Creek Cir,Boulder,CO,18412,2005-11-01 00:00:00
5953,8152 Street Pl,Longmont,CO,24706,2005-03-01 00:00:00
7886,5856 Hill Cir,Lakewood,CO,40064,2005-12-01 00:00:00
3538,2197 Path Ave,Longmont,CO,28898,2005-11-01 00:00:00
4199,8913 Creek Ct,Aurora,CO,31244,2005-08-01 00:00:00
1256,6025 Elm Rd,Englewood,CO,91523,2005-12-01 00:00:00
196,4253 Lodge Ave,Fort Collins,CO,76782,2005-09-01 00:00:00
1777,8085 Turnpike Ln,Roxborough Park,CO,61361,2005-06-01 00:00:00
9001,6614 Harbor Pl,Roxborough Park,CO,30807,2005-04-01 00:00:00
537,5291 Bungalow St,Loveland,CO,28248,2005-04-01 00:00:00
5401,7310 Manor Fwy,Denver,CO,39609,2005-02-01 00:00:00
1226,5148 Spring Tpke,Littleton,CO,63415,2005-11-01 00:00:00
1201,3948 Resort Rd,Longmont,CO,77643,2005-01-01 00:00:00
6159,2857 Meadow Blvd,Denver,CO,87587,2005-01-01 00:00:00
8052,5052 Pine Ln,Littleton,CO,84566,2005-10-01 00:00:00
4120,4683 Avenue St,Castle Rock,CO,44653,2005-04-01 00:00:00
844,81 Parkway Pl,Parker,CO,60388,2005-07-01 00:00:00
5185,5514 Sunrise Fwy,Longmont,CO,56465,2005-08-01 00:00:00
394,3645 Road Way,Parker,CO,50815,2005-10-01 00:00:00
5201,8668 Creek Hwy,Colorado Springs,CO,79142,2005-09-01 00:00:00
8958,210 Cedar Ln,Englewood,CO,32417,2005-12-01 00:00:00
3968,2509 Forest Hwy,Loveland,CO,11919,2005-11-01 00:00:00
5954,1890 Road St,Fort Collins,CO,24296,2005-01-01 00:00:00
1601,2770 Canyon Tpke,Greeley,CO,92359,2005-02-01 00:00:00
8766,4388 Meadow Hwy,Longmont,CO,26068,2005-01-01 00:00:00
4660,9110 Maple Tpke,Littleton,CO,96268,2005-06-01 00:00:00
6235,2544 Cottage I,Boulder,CO,62477,2005-08-01 00:00:00
5935,3064 Palace St,Englewood,CO,94650,2005-12-01 00:00:00
9574,6921 Cove Tpke,Littleton,CO,95329,2005-02-01 00:00:00
4802,4683 Cliff Rt,Aurora,CO,25956,2005-01-01 00:00:00
4782,172 Valley Rt,Lakewood,CO,82988,2005-03-01 00:00:00
6213,2651 Mansion I,Roxborough Park,CO,77343,2005-07-01 00:00:00
4743,5216 Brook Ct,Littleton,CO,14030,2005-04-01 00:00:00
7941,4787 Mansion Way,Loveland,CO,92178,2005-04-01 00:00:00
76,225 Ocean Way,Boulder,CO,36176,2005-06-01 00:00:00
2884,4899 Butte Pkwy,Parker,CO,24230,2005-04-01 00:00:00
2153,6390 Highway Pkwy,Littleton,CO,69646,2005-01-01 00:00:00
9519,81 Inn Pl,Parker,CO,66180,2005-12-01 00:00:00
5589,3630 Vineyard Ln,Loveland,CO,99126,2005-10-01 00:00:00
7691,607 Interstate Tpke,Greeley,CO,38558,2005-01-01 00:00:00
7982,7818 Cliff Pkwy,Colorado Springs,CO,63996,2005-11-01 00:00:00
1046,1679 Sunrise Dr,Greeley,CO,97540,2005-07-01 00:00:00
3202,6300 Harbor Ln,Parker,CO,21176,2005-09-01 00:00:00
2166,6561 Mansion Pl,Parker,CO,92788,2005-04-01 00:00:00
422,7755 Island Fwy,Parker,CO,43021,2005-09-01 00:00:00
766,7158 Vineyard Tpke,Fort Collins,CO,24139,2005-08-01 00:00:00
183,1884 Palace Ln,Boulder,CO,60624,2005-06-01 00:00:00
3915,7097 Ocean Rt,Parker,CO,87664,2005-04-01 00:00:00
7298,1139 Club Ave,Lakewood,CO,19861,2005-06-01 00:00:00
180,1585 Mountain Ave,Loveland,CO,63417,2005-10-01 00:00:00
4446,8815 Turnpike Rt,Boulder,CO,41217,2005-01-01 00:00:00
8653,2185 Way Blvd,Castle Rock,CO,16426,2005-11-01 00:00:00
1141,2318 Meadow Blvd,Longmont,CO,44720,2005-06-01 00:00:00
4489,854 Orchard Blvd,Parker,CO,62398,2005-02-01 00:00:00
7980,4331 Court Hwy,Parker,CO,24648,2005-04-01 00:00:00
3085,6664 Lake St,Fort Collins,CO,41638,2005-09-01 00:00:00
3727,458 Palace Cir,Denver,CO,47832,2005-04-01 00:00:00
6439,9305 Drive Pl,Roxborough Park,CO,35494,2005-11-01 00:00:00
703,7379 Cottage Dr,Castle Rock,CO,74795,2005-10-01 00:00:00
2026,2986 Road Way,Englewood,CO,33307,2005-04-01 00:00:00
2940,3852 Boulevard Hwy,Castle Rock,CO,43490,2006-08-01 00:00:00
3805,6385 Maple Cir,Loveland,CO,98273,2006-09-01 00:00:00
1284,2187 Cottage Rt,Colorado Springs,CO,28531,2006-12-01 00:00:00
6464,5651 Mansion Expy,Greeley,CO,64565,2006-03-01 00:00:00
4706,7101 Forest Rd,Denver,CO,89114,2006-11-01 00:00:00
6921,3108 Vineyard Way,Aurora,CO,23875,2006-07-01 00:00:00
7914,6189 Forest Dr,Lakewood,CO,39773,2006-01-01 00:00:00
8548,7637 Vineyard Rt,Denver,CO,75510,2006-09-01 00:00:00
2279,1021 Forest Pl,Loveland,CO,32550,2006-01-01 00:00:00
6772,2147 Stream Ln,Denver,CO,55537,2006-01-01 00:00:00
10,4076 Resort Dr,Loveland,CO,78294,2006-02-01 00:00:00
4319,1463 Valley Rd,Fort Collins,CO,11353,2006-04-01 00:00:00
3497,6425 Inn Hwy,Greeley,CO,25151,2006-03-01 00:00:00
721,954 Spring St,Loveland,CO,68127,2006-09-01 00:00:00
4396,7546 Valley St,Greeley,CO,13338,2006-06-01 00:00:00
6112,7171 Ranch Expy,Longmont,CO,76251,2006-06-01 00:00:00
614,2870 Circle Ave,Colorado Springs,CO,80734,2006-09-01 00:00:00
361,5975 Path Ave,Lakewood,CO,78802,2006-01-01 00:00:00
4123,1278 Cabin Fwy,Englewood,CO,40272,2006-12-01 00:00:00
8061,9615 Pond Expy,Englewood,CO,28846,2006-08-01 00:00:00
5779,1592 Pond Pkwy,Englewood,CO,30955,2006-09-01 00:00:00
4294,2447 Creek Fwy,Loveland,CO,11051,2006-12-01 00:00:00
9583,4483 Parkway Dr,Fort Collins,CO,14397,2006-10-01 00:00:00
2844,9665 Park Rd,Parker,CO,24002,2006-07-01 00:00:00
3970,2381 Maple Ave,Englewood,CO,81831,2006-03-01 00:00:00
617,9151 Mansion Pkwy,Loveland,CO,34355,2006-10-01 00:00:00
1212,895 Avenue Ct,Loveland,CO,93646,2006-09-01 00:00:00
9615,4730 Hotel St,Englewood,CO,30675,2006-06-01 00:00:00
5102,2715 Tower Rt,Lakewood,CO,50952,2006-01-01 00:00:00
4509,9285 Road Cir,Castle Rock,CO,35212,2006-10-01 00:00:00
9119,4068 Castle Expy,Boulder,CO,35017,2006-02-01 00:00:00
7116,7 Mountain I,Littleton,CO,75781,2006-04-01 00:00:00
7770,9461 Elm Pl,Aurora,CO,71014,2006-12-01 00:00:00
649,3955 Club Rd,Boulder,CO,75847,2006-10-01 00:00:00
2549,6278 Sunrise St,Lakewood,CO,13434,2006-11-01 00:00:00
1380,4819 Elm Ln,Castle Rock,CO,16407,2006-06-01 00:00:00
4757,3174 Chalet Way,Denver,CO,72500,2006-06-01 00:00:00
8877,2913 Cottage Fwy,Littleton,CO,87627,2006-07-01 00:00:00
4941,1329 Pond Cir,Longmont,CO,67919,2006-08-01 00:00:00
1338,3824 Hill Rd,Lakewood,CO,45129,2006-10-01 00:00:00
3162,4109 Tower Dr,Fort Collins,CO,32721,2006-11-01 00:00:00
1393,9478 Inn Expy,Denver,CO,82263,2006-12-01 00:00:00
1211,3040 Lagoon Way,Fort Collins,CO,64009,2006-07-01 00:00:00
4354,5835 Forest Way,Loveland,CO,18717,2006-01-01 00:00:00
1208,7797 Cottage Ln,Castle Rock,CO,83005,2006-01-01 00:00:00
2163,4314 Lane Rd,Aurora,CO,30170,2006-02-01 00:00:00
4871,2851 Spring Ave,Parker,CO,29968,2006-08-01 00:00:00
1466,3236 Sunrise St,Longmont,CO,78249,2006-02-01 00:00:00
817,5327 Cottage St,Greeley,CO,33548,2006-12-01 00:00:00
602,2887 Spring Blvd,Colorado Springs,CO,82489,2006-06-01 00:00:00
8514,1426 Sea St,Denver,CO,75325,2006-10-01 00:00:00
8643,3986 Boulevard Way,Colorado Springs,CO,77389,2006-02-01 00:00:00
8484,9240 Sea Way,Roxborough Park,CO,97191,2006-03-01 00:00:00
376,3240 Valley Pkwy,Denver,CO,45387,2006-10-01 00:00:00
3918,1297 Hotel Ct,Littleton,CO,74360,2006-06-01 00:00:00
6629,3298 Oak Expy,Roxborough Park,CO,82925,2006-12-01 00:00:00
2563,5621 Mesa Dr,Colorado Springs,CO,58094,2006-06-01 00:00:00
3226,2584 Garden Hwy,Fort Collins,CO,68256,2006-10-01 00:00:00
2167,5667 Street Hwy,Parker,CO,43333,2006-02-01 00:00:00
2360,2635 Hill Pkwy,Parker,CO,80472,2006-01-01 00:00:00
8642,415 Grove Way,Aurora,CO,79114,2006-04-01 00:00:00
8938,2074 Club I,Loveland,CO,99642,2006-02-01 00:00:00
9373,752 Circle Ave,Englewood,CO,25395,2006-03-01 00:00:00
7729,1300 Sunrise Rd,Longmont,CO,16936,2006-08-01 00:00:00
8501,382 Vineyard Pl,Longmont,CO,46902,2006-06-01 00:00:00
2021,3545 Vineyard Way,Fort Collins,CO,66075,2006-11-01 00:00:00
3136,4233 Maple Pkwy,Fort Collins,CO,16555,2006-01-01 00:00:00
1634,5723 Ocean St,Colorado Springs,CO,99812,2006-02-01 00:00:00
1395,7171 Valley Ave,Denver,CO,22307,2006-08-01 00:00:00
5037,1848 Oak Hwy,Fort Collins,CO,65175,2006-01-01 00:00:00
29,7894 Drive Pkwy,Parker,CO,59472,2006-12-01 00:00:00
3104,3319 Highway Way,Aurora,CO,35867,2006-03-01 00:00:00
3339,2996 Orchard Rd,Parker,CO,59980,2006-09-01 00:00:00
8025,6038 Bay Ct,Roxborough Park,CO,34235,2006-09-01 00:00:00
2687,7657 Sea Blvd,Greeley,CO,78007,2006-08-01 00:00:00
3638,4304 Lodge Ln,Castle Rock,CO,32573,2006-11-01 00:00:00
5438,9093 Farm Hwy,Greeley,CO,55931,2006-03-01 00:00:00
3283,7508 Street Rt,Boulder,CO,30806,2006-10-01 00:00:00
572,9612 Freeway Fwy,Longmont,CO,33021,2006-01-01 00:00:00
9340,1357 Resort Way,Denver,CO,32976,2006-04-01 00:00:00
4460,3216 Sunset Fwy,Aurora,CO,55331,2006-08-01 00:00:00
5679,4216 Bungalow Way,Denver,CO,91801,2006-03-01 00:00:00
2915,5551 Highway Tpke,Loveland,CO,41504,2006-10-01 00:00:00
8302,5701 Spring Pkwy,Roxborough Park,CO,54569,2006-01-01 00:00:00
4931,5717 Route Expy,Denver,CO,43554,2006-10-01 00:00:00
5754,7204 Island Ln,Loveland,CO,32377,2006-10-01 00:00:00
6918,6059 Spring Fwy,Colorado Springs,CO,88869,2006-03-01 00:00:00
9127,4432 Chalet Rd,Castle Rock,CO,73283,2006-07-01 00:00:00
7559,7908 Cliff Hwy,Longmont,CO,56449,2007-02-01 00:00:00
8209,6630 Falls Fwy,Aurora,CO,76498,2007-10-01 00:00:00
3526,4291 Ridge Ln,Parker,CO,86456,2007-02-01 00:00:00
69,7561 Butte Cir,Englewood,CO,15767,2007-06-01 00:00:00
5013,7274 Beach Expy,Parker,CO,95967,2007-08-01 00:00:00
4907,8748 Route Tpke,Littleton,CO,75205,2007-06-01 00:00:00
2202,5723 Valley Blvd,Englewood,CO,34032,2007-06-01 00:00:00
9734,1686 Way Pkwy,Aurora,CO,31762,2007-08-01 00:00:00
2255,2568 Harbor Rd,Lakewood,CO,62942,2007-05-01 00:00:00
413,1301 Way Blvd,Greeley,CO,81813,2007-04-01 00:00:00
5487,7190 Lagoon Ave,Lakewood,CO,87649,2007-11-01 00:00:00
6355,4065 Boulevard Expy,Colorado Springs,CO,13147,2007-10-01 00:00:00
2922,4140 Cove Cir,Boulder,CO,98642,2007-08-01 00:00:00
4384,5034 Terrace Ln,Aurora,CO,98718,2007-06-01 00:00:00
3505,249 River Rd,Aurora,CO,60867,2007-10-01 00:00:00
7448,169 Highway I,Lakewood,CO,10581,2007-10-01 00:00:00
5330,4245 Club Pkwy,Aurora,CO,18538,2007-08-01 00:00:00
3080,1184 Maple Tpke,Fort Collins,CO,25388,2007-12-01 00:00:00
3785,1141 Lake Ct,Boulder,CO,66906,2007-10-01 00:00:00
7353,8285 Cottage Hwy,Fort Collins,CO,96823,2007-08-01 00:00:00
6094,4660 Cabin Ct,Castle Rock,CO,23533,2007-03-01 00:00:00
5663,6001 Oak Fwy,Colorado Springs,CO,84353,2007-12-01 00:00:00
6760,2522 Hill I,Denver,CO,64177,2007-05-01 00:00:00
530,8133 Farm I,Fort Collins,CO,29363,2007-09-01 00:00:00
4797,9677 Parkway Rt,Colorado Springs,CO,18579,2007-11-01 00:00:00
5491,5937 Island St,Longmont,CO,47719,2007-11-01 00:00:00
9530,2842 Cove Ave,Aurora,CO,25559,2007-01-01 00:00:00
9283,2687 Freeway Rt,Longmont,CO,72960,2007-06-01 00:00:00
4144,363 Pond Tpke,Roxborough Park,CO,65782,2007-12-01 00:00:00
4848,7249 Lake Ct,Boulder,CO,49501,2007-05-01 00:00:00
9993,8116 Path Cir,Littleton,CO,69460,2007-05-01 00:00:00
1613,7530 Bungalow Cir,Denver,CO,65905,2007-01-01 00:00:00
9762,3124 Plateau Ln,Aurora,CO,28968,2007-01-01 00:00:00
15,7171 Garden Fwy,Colorado Springs,CO,99634,2007-02-01 00:00:00
3047,4748 Highway Fwy,Littleton,CO,77387,2007-02-01 00:00:00
1832,2423 Mountain Hwy,Colorado Springs,CO,86425,2007-05-01 00:00:00
9612,8926 Cove Ln,Denver,CO,89231,2007-12-01 00:00:00
9579,7731 Harbor Pl,Denver,CO,36504,2007-12-01 00:00:00
7227,7092 Club I,Fort Collins,CO,39522,2007-10-01 00:00:00
762,7230 Tower Expy,Roxborough Park,CO,79646,2007-04-01 00:00:00
2750,3207 Sunrise Ln,Denver,CO,69269,2007-04-01 00:00:00
7617,8801 Bungalow Cir,Lakewood,CO,64329,2007-02-01 00:00:00
4229,1950 Pond Ct,Castle Rock,CO,40120,2007-04-01 00:00:00
8747,9558 Hotel Rd,Aurora,CO,74953,2007-05-01 00:00:00
1193,232 Harbor Pl,Fort Collins,CO,54513,2007-05-01 00:00:00
395,6520 Grove Rt,Longmont,CO,67488,2007-08-01 00:00:00
4605,6557 Interstate Tpke,Colorado Springs,CO,17406,2007-04-01 00:00:00
5489,2076 Mansion Ct,Greeley,CO,14376,2007-01-01 00:00:00
814,8677 Meadow Cir,Boulder,CO,11778,2007-12-01 00:00:00
2413,5447 Cottage I,Loveland,CO,79583,2007-09-01 00:00:00
135,5779 Expressway Tpke,Lakewood,CO,51601,2007-07-01 00:00:00
2961,1067 Valley Blvd,Parker,CO,59027,2007-05-01 00:00:00
6776,9843 Canyon Expy,Littleton,CO,13221,2007-12-01 00:00:00
8366,1784 Mountain Way,Greeley,CO,12604,2007-04-01 00:00:00
5777,4208 Lodge Blvd,Parker,CO,39510,2007-02-01 00:00:00
2480,1478 Way Blvd,Boulder,CO,44110,2007-05-01 00:00:00
1756,8233 Elm Tpke,Fort Collins,CO,40101,2007-11-01 00:00:00
2412,1152 Chalet Pkwy,Fort Collins,CO,42796,2007-07-01 00:00:00
6263,863 Route Dr,Denver,CO,79128,2007-10-01 00:00:00
4913,675 Resort Ct,Englewood,CO,99472,2007-09-01 00:00:00
5357,1028 Spring Blvd,Loveland,CO,43900,2007-07-01 00:00:00
7811,2207 Street Way,Greeley,CO,98440,2007-09-01 00:00:00
4389,4324 Canyon Blvd,Castle Rock,CO,69756,2007-01-01 00:00:00
1941,8410 Valley Pkwy,Littleton,CO,33421,2007-09-01 00:00:00
5961,121 Forest Rd,Englewood,CO,32990,2007-09-01 00:00:00
8218,397 Cottage Way,Aurora,CO,31187,2007-12-01 00:00:00
4763,5859 Lagoon Ave,Loveland,CO,80005,2007-05-01 00:00:00
3909,1473 Mountain Blvd,Parker,CO,41687,2007-11-01 00:00:00
9535,6078 Castle Dr,Longmont,CO,39468,2007-11-01 00:00:00
5266,4079 Mountain Blvd,Castle Rock,CO,73587,2007-04-01 00:00:00
731,413 Expressway I,Colorado Springs,CO,16376,2007-05-01 00:00:00
2430,6708 Expressway Pkwy,Littleton,CO,38581,2008-05-01 00:00:00
1944,2748 Park Dr,Longmont,CO,76707,2008-02-01 00:00:00
7618,9480 Island Pkwy,Littleton,CO,59597,2008-09-01 00:00:00
8544,8409 Castle St,Roxborough Park,CO,85233,2008-10-01 00:00:00
8374,6856 Tower Rt,Castle Rock,CO,74287,2008-02-01 00:00:00
5735,6823 Place Dr,Castle Rock,CO,37216,2008-03-01 00:00:00
1273,2464 Sea Blvd,Parker,CO,16003,2008-01-01 00:00:00
2460,432 Mountain Ave,Castle Rock,CO,93860,2008-12-01 00:00:00
6389,1041 Sunrise Pkwy,Roxborough Park,CO,88715,2008-01-01 00:00:00
326,8021 Drive Pl,Lakewood,CO,74596,2008-11-01 00:00:00
9351,562 Cedar I,Castle Rock,CO,47965,2008-07-01 00:00:00
7801,2510 Bluff Pkwy,Boulder,CO,20146,2008-08-01 00:00:00
7333,8587 Terrace Ct,Colorado Springs,CO,10192,2008-01-01 00:00:00
6453,3467 Ranch Rd,Roxborough Park,CO,59743,2008-11-01 00:00:00
5218,3482 Cabin Blvd,Littleton,CO,22255,2008-05-01 00:00:00
5903,5633 Route Expy,Denver,CO,48042,2008-09-01 00:00:00
438,2991 Expressway Cir,Longmont,CO,86654,2008-05-01 00:00:00
6721,9861 Road Dr,Lakewood,CO,96057,2008-07-01 00:00:00
7413,5290 Sunrise Tpke,Loveland,CO,17951,2008-06-01 00:00:00
1856,9072 Place Pl,Castle Rock,CO,22240,2008-08-01 00:00:00
6089,9624 Cabin Dr,Boulder,CO,25056,2008-02-01 00:00:00
1108,1463 Sunset Blvd,Lakewood,CO,19627,2008-09-01 00:00:00
1074,3954 River Pkwy,Lakewood,CO,42943,2008-02-01 00:00:00
4719,177 Oak I,Greeley,CO,70036,2008-02-01 00:00:00
8640,9774 Park Ct,Lakewood,CO,96852,2008-08-01 00:00:00
3380,1790 Palace Tpke,Castle Rock,CO,98920,2008-06-01 00:00:00
6304,6081 Desert Ave,Aurora,CO,50854,2008-05-01 00:00:00
354,6322 Maple Ave,Loveland,CO,76424,2008-05-01 00:00:00
3214,8855 Chalet Rd,Littleton,CO,25738,2008-12-01 00:00:00
9370,6014 Harbor Cir,Roxborough Park,CO,65187,2008-02-01 00:00:00
3215,2051 Main Dr,Englewood,CO,28922,2008-12-01 00:00:00
3217,7087 Castle Hwy,Parker,CO,43418,2008-03-01 00:00:00
9117,220 Island Cir,Englewood,CO,54304,2008-06-01 00:00:00
7223,2312 Court Tpke,Castle Rock,CO,88922,2008-11-01 00:00:00
601,205 Motel Rd,Colorado Springs,CO,35259,2008-09-01 00:00:00
3999,2652 Vineyard Pkwy,Longmont,CO,79656,2008-07-01 00:00:00
6451,6067 Motel Cir,Denver,CO,50688,2008-11-01 00:00:00
1322,3954 Valley Ct,Aurora,CO,56268,2008-08-01 00:00:00
7057,1466 Desert Cir,Greeley,CO,30668,2008-03-01 00:00:00
5134,1472 Court Rd,Parker,CO,15065,2008-07-01 00:00:00
910,4015 Pond Hwy,Aurora,CO,63386,2008-01-01 00:00:00
7838,6380 Ocean Ct,Greeley,CO,51314,2008-04-01 00:00:00
8406,9712 Maple Way,Parker,CO,15988,2008-07-01 00:00:00
6341,4869 Boulevard Ave,Greeley,CO,40307,2008-04-01 00:00:00
9869,4208 Way Blvd,Littleton,CO,56012,2008-04-01 00:00:00
2104,2302 Spring Pkwy,Englewood,CO,94116,2008-05-01 00:00:00
7762,7539 Ocean Way,Parker,CO,66221,2008-07-01 00:00:00
4458,1013 Creek Pkwy,Aurora,CO,82188,2008-06-01 00:00:00
7376,2289 Bluff Expy,Castle Rock,CO,49450,2008-11-01 00:00:00
3457,6620 Avenue Fwy,Fort Collins,CO,57271,2008-09-01 00:00:00
254,4727 Motel Blvd,Longmont,CO,36851,2008-08-01 00:00:00
1069,5018 Circle Hwy,Aurora,CO,22533,2008-05-01 00:00:00
7863,9474 Lagoon St,Boulder,CO,75686,2008-02-01 00:00:00
2943,8507 Avenue Expy,Lakewood,CO,43258,2008-10-01 00:00:00
8944,2967 Hill Rd,Littleton,CO,96498,2008-11-01 00:00:00
9801,5899 Bluff Ct,Castle Rock,CO,19125,2008-06-01 00:00:00
4726,7646 Mesa Cir,Greeley,CO,50827,2008-05-01 00:00:00
6926,1499 Spa Tpke,Longmont,CO,40963,2008-08-01 00:00:00
7384,6577 Pond Ave,Greeley,CO,66974,2008-07-01 00:00:00
6269,4300 Oak St,Englewood,CO,47928,2008-12-01 00:00:00
9704,4642 Spring Rd,Lakewood,CO,34106,2008-05-01 00:00:00
889,8484 Brook Expy,Lakewood,CO,82351,2008-01-01 00:00:00
8750,472 Cliff Pkwy,Englewood,CO,29248,2008-10-01 00:00:00
8342,4771 Interstate Way,Castle Rock,CO,93423,2008-02-01 00:00:00
9637,5762 Manor Ave,Boulder,CO,11311,2008-02-01 00:00:00
6080,5325 Elm Dr,Loveland,CO,49044,2008-07-01 00:00:00
525,1495 Vineyard Tpke,Denver,CO,40121,2008-05-01 00:00:00
9940,3674 Interstate I,Loveland,CO,51485,2008-08-01 00:00:00
4140,2018 Hill Ave,Littleton,CO,52842,2008-01-01 00:00:00
1780,3456 Route Pl,Littleton,CO,54975,2008-09-01 00:00:00
212,2115 Lake Ln,Littleton,CO,96931,2008-08-01 00:00:00
7569,6439 Butte Ave,Greeley,CO,65859,2008-04-01 00:00:00
3061,7329 Grove Ln,Denver,CO,39563,2008-10-01 00:00:00
9289,2941 Route Pl,Lakewood,CO,68331,2008-03-01 00:00:00
8485,3861 Valley Hwy,Denver,CO,92757,2008-02-01 00:00:00
5029,114 Castle Ave,Aurora,CO,27333,2008-12-01 00:00:00
2058,126 Spa Hwy,Englewood,CO,88767,2008-03-01 00:00:00
7389,4338 Maple Blvd,Parker,CO,98608,2008-08-01 00:00:00
9546,94 Maple I,Lakewood,CO,41353,2008-12-01 00:00:00
8099,5208 Turnpike Tpke,Littleton,CO,68176,2008-05-01 00:00:00
7862,3232 Orchard Ave,Parker,CO,90527,2008-07-01 00:00:00
9379,161 Avenue Cir,Denver,CO,14460,2008-04-01 00:00:00
7013,8273 Chalet Hwy,Castle Rock,CO,17109,2008-09-01 00:00:00
349,2233 Creek Tpke,Castle Rock,CO,48941,2008-04-01 00:00:00
3393,6037 Ridge Rt,Greeley,CO,83795,2008-11-01 00:00:00
670,6304 Pine Ave,Aurora,CO,53483,2008-05-01 00:00:00
7290,6929 Motel Pkwy,Parker,CO,46773,2008-08-01 00:00:00
6129,4368 Inn St,Greeley,CO,17468,2008-11-01 00:00:00
7162,4050 Stream I,Englewood,CO,13900,2008-09-01 00:00:00
2610,7431 Island Rd,Lakewood,CO,96656,2008-10-01 00:00:00
2376,1800 Turnpike Ave,Roxborough Park,CO,90675,2008-01-01 00:00:00
2155,2671 Canyon Way,Roxborough Park,CO,20377,2008-11-01 00:00:00
1473,8276 Lake Way,Loveland,CO,84903,2008-08-01 00:00:00
8688,5111 Highway Blvd,Lakewood,CO,39949,2008-11-01 00:00:00
60,4917 Avenue I,Fort Collins,CO,85502,2008-10-01 00:00:00
2734,5022 Maple Tpke,Longmont,CO,12463,2008-07-01 00:00:00
2823,913 Terrace Dr,Lakewood,CO,37952,2008-07-01 00:00:00
3581,5429 Highway Way,Denver,CO,78596,2008-07-01 00:00:00
8805,7851 Elm Rd,Littleton,CO,28015,2008-06-01 00:00:00
8842,6274 Street I,Fort Collins,CO,65989,2008-01-01 00:00:00
3158,404 Cottage Ave,Parker,CO,17587,2008-06-01 00:00:00
6665,9888 Pine Way,Aurora,CO,20258,2008-02-01 00:00:00
8072,1432 Inn Dr,Lakewood,CO,17668,2008-02-01 00:00:00
7915,2753 Cedar Way,Roxborough Park,CO,11540,2008-09-01 00:00:00
5298,9222 Grove Pl,Greeley,CO,61238,2008-04-01 00:00:00
7784,891 Boulevard Pl,Denver,CO,68002,2008-01-01 00:00:00
2067,7168 Palace Fwy,Boulder,CO,50360,2008-11-01 00:00:00
8745,7781 Road Rd,Parker,CO,43500,2008-09-01 00:00:00
8593,12 Spa Dr,Parker,CO,67827,2008-04-01 00:00:00
949,5503 Terrace Dr,Longmont,CO,15082,2008-12-01 00:00:00
3996,3243 Desert Cir,Castle Rock,CO,44317,2008-06-01 00:00:00
1049,5251 Sea Ln,Parker,CO,22767,2008-07-01 00:00:00
756,555 Boulevard Expy,Castle Rock,CO,11025,2008-04-01 00:00:00
878,6054 Garden Rt,Denver,CO,63795,2008-06-01 00:00:00
5172,8394 Lodge Tpke,Loveland,CO,50940,2008-08-01 00:00:00
6368,9901 Spring Rd,Fort Collins,CO,43253,2008-07-01 00:00:00
2289,39 Harbor Expy,Longmont,CO,13921,2008-03-01 00:00:00
1507,7887 Sunrise Ct,Parker,CO,84076,2008-05-01 00:00:00
7720,1519 Manor Blvd,Englewood,CO,91648,2008-10-01 00:00:00
9358,5823 Turnpike Way,Fort Collins,CO,93757,2008-07-01 00:00:00
7297,2843 Pine Ave,Lakewood,CO,18747,2008-05-01 00:00:00
2554,5781 Garden Pkwy,Parker,CO,96639,2008-12-01 00:00:00
4195,3446 Spa St,Parker,CO,84473,2008-05-01 00:00:00
3690,1807 Freeway Ln,Fort Collins,CO,58205,2008-03-01 00:00:00
9257,604 Trail Expy,Parker,CO,18278,2008-06-01 00:00:00
4213,6551 Castle Dr,Littleton,CO,47973,2008-04-01 00:00:00
189,9048 Cedar Blvd,Boulder,CO,36475,2008-09-01 00:00:00
4224,7981 Parkway Cir,Littleton,CO,58155,2008-01-01 00:00:00
7132,8877 Canyon Pl,Boulder,CO,85332,2008-03-01 00:00:00
683,8240 Maple Pkwy,Lakewood,CO,91289,2008-06-01 00:00:00
621,1458 Chalet Way,Parker,CO,83286,2008-03-01 00:00:00
4545,3597 River Pkwy,Lakewood,CO,51389,2008-07-01 00:00:00
94,7163 Oak Way,Loveland,CO,29027,2008-04-01 00:00:00
1116,3345 Inn Tpke,Fort Collins,CO,35425,2008-08-01 00:00:00
1630,8425 Sunset Rd,Roxborough Park,CO,82460,2008-05-01 00:00:00
7771,7190 Hotel Dr,Boulder,CO,25613,2008-01-01 00:00:00
3449,4088 Boulevard Tpke,Denver,CO,99921,2008-11-01 00:00:00
6414,8739 Route Ave,Greeley,CO,34714,2008-05-01 00:00:00
3971,7644 Freeway Fwy,Littleton,CO,87084,2008-05-01 00:00:00
407,1574 Cove Pkwy,Colorado Springs,CO,57786,2008-01-01 00:00:00
3893,7354 Bungalow Pkwy,Aurora,CO,37136,2008-05-01 00:00:00
4250,6671 Ocean Pkwy,Castle Rock,CO,21247,2008-10-01 00:00:00
2977,7802 Pond Pl,Boulder,CO,94969,2008-11-01 00:00:00
7487,3630 Cliff Ct,Englewood,CO,18116,2008-03-01 00:00:00
7338,6576 Valley Pkwy,Castle Rock,CO,37918,2008-04-01 00:00:00
1369,1928 Inn Tpke,Greeley,CO,49145,2008-07-01 00:00:00
1288,8079 Way Blvd,Littleton,CO,19520,2008-04-01 00:00:00
7870,6425 Interstate Way,Boulder,CO,51862,2008-04-01 00:00:00
5962,7211 Sea Expy,Roxborough Park,CO,19863,2008-04-01 00:00:00
64,6130 Path Hwy,Longmont,CO,49156,2008-04-01 00:00:00
6272,8940 Cliff Fwy,Greeley,CO,43099,2008-12-01 00:00:00
8348,6762 Interstate Way,Lakewood,CO,21421,2008-02-01 00:00:00
5576,3464 Stream Fwy,Boulder,CO,37139,2008-05-01 00:00:00
2313,4344 Sea Ct,Longmont,CO,39570,2008-03-01 00:00:00
162,6082 Tower Rt,Lakewood,CO,90421,2008-01-01 00:00:00
1265,7516 Cove Fwy,Aurora,CO,18420,2008-06-01 00:00:00
4429,9202 Sunrise Pl,Colorado Springs,CO,86859,2008-03-01 00:00:00
6475,169 Ocean Cir,Lakewood,CO,93182,2008-02-01 00:00:00
8509,5506 Mansion Pkwy,Aurora,CO,90788,2008-07-01 00:00:00
4896,9117 Valley Tpke,Roxborough Park,CO,83852,2008-03-01 00:00:00
4976,6461 Pond Hwy,Longmont,CO,33672,2008-07-01 00:00:00
7678,411 Ocean Cir,Longmont,CO,35804,2008-11-01 00:00:00
8293,3737 Sunset Fwy,Englewood,CO,75873,2008-05-01 00:00:00
7295,4171 Boulevard Rd,Loveland,CO,17291,2008-11-01 00:00:00
8633,4613 Forest Ct,Greeley,CO,13952,2008-06-01 00:00:00
9291,6790 Grove Ave,Aurora,CO,44463,2008-09-01 00:00:00
8790,4853 Circle Blvd,Denver,CO,93183,2008-12-01 00:00:00
7573,2739 Butte Blvd,Lakewood,CO,24401,2008-10-01 00:00:00
9891,9720 Hill Ave,Longmont,CO,90984,2008-09-01 00:00:00
